"estimator","atom_id","group","time","estimate","se","weight"
"CS","g2001_t2001",2001,2001,-1.46451590113832e-18,0.0723220594392976,0.00304878048780488
"CS","g2001_t2002",2001,2002,-2.43279556404376e-18,0.0723220594392977,0.00304878048780488
"CS","g2001_t2003",2001,2003,0.146341463414634,0.0564464854160372,0.00304878048780488
"CS","g2001_t2004",2001,2004,-0.146341463414634,0.0934894914703116,0.00304878048780488
"CS","g2001_t2005",2001,2005,0.048780487804878,0.0723220594392976,0.00304878048780488
"CS","g2001_t2006",2001,2006,0.0731707317073171,0.0573284617506628,0.00304878048780488
"CS","g2001_t2007",2001,2007,0.048780487804878,0.0670302014315442,0.00304878048780488
"CS","g2001_t2008",2001,2008,-0.024390243902439,0.0705581067700465,0.00304878048780488
"CS","g2001_t2009",2001,2009,-0.0975609756097561,0.0793778701163023,0.00304878048780488
"CS","g2001_t2010",2001,2010,-0.0975609756097561,0.0617383434237907,0.00304878048780488
"CS","g2001_t2011",2001,2011,-0.048780487804878,0.0723220594392977,0.00304878048780488
"CS","g2001_t2012",2001,2012,-0.121951219512195,0.0952534441395628,0.00304878048780488
"CS","g2001_t2013",2001,2013,-0.0975609756097561,0.0793778701163023,0.00304878048780488
"CS","g2001_t2014",2001,2014,-0.121951219512195,0.0776139174470512,0.00304878048780488
"CS","g2001_t2015",2001,2015,-0.0731707317073171,0.0670302014315442,0.00304878048780488
"CS","g2001_t2016",2001,2016,-0.0975609756097561,0.0758499647778,0.00304878048780488
"CS","g2001_t2017",2001,2017,-0.048780487804878,0.0740860121085488,0.00304878048780488
"CS","g2001_t2018",2001,2018,-0.024390243902439,0.103191231151193,0.00304878048780488
"CS","g2001_t2019",2001,2019,-0.0975609756097561,0.0864336807933069,0.00304878048780488
"CS","g2001_t2020",2001,2020,0,0.0723220594392976,0.00304878048780488
"CS","g2002_t2001",2002,2001,-0.4,0.237216354960896,0
"CS","g2002_t2002",2002,2002,0.2,0.237216354960896,0.0152439024390244
"CS","g2002_t2003",2002,2003,0.346341463414634,0.235240727971335,0.0152439024390244
"CS","g2002_t2004",2002,2004,-0.146341463414634,0.0732040357739233,0.0152439024390244
"CS","g2002_t2005",2002,2005,0.248780487804878,0.249775697965965,0.0152439024390244
"CS","g2002_t2006",2002,2006,0.0731707317073171,0.0626203197584162,0.0152439024390244
"CS","g2002_t2007",2002,2007,0.648780487804878,0.248470372990719,0.0152439024390244
"CS","g2002_t2008",2002,2008,0.375609756097561,0.231501148312522,0.0152439024390244
"CS","g2002_t2009",2002,2009,-0.0975609756097561,0.0758499647778,0.0152439024390244
"CS","g2002_t2010",2002,2010,-0.0975609756097561,0.0687941541007953,0.0152439024390244
"CS","g2002_t2011",2002,2011,0.551219512195122,0.240744260299399,0.0152439024390244
"CS","g2002_t2012",2002,2012,-0.121951219512195,0.0846697281240558,0.0152439024390244
"CS","g2002_t2013",2002,2013,0.102439024390244,0.224657011955828,0.0152439024390244
"CS","g2002_t2014",2002,2014,0.0780487804878049,0.232806473287768,0.0152439024390244
"CS","g2002_t2015",2002,2015,0.326829268292683,0.222222757272261,0.0152439024390244
"CS","g2002_t2016",2002,2016,-0.0975609756097561,0.0617383434237907,0.0152439024390244
"CS","g2002_t2017",2002,2017,0.551219512195122,0.238980307630147,0.0152439024390244
"CS","g2002_t2018",2002,2018,0.575609756097561,0.231924496953143,0.0152439024390244
"CS","g2002_t2019",2002,2019,0.302439024390244,0.248258698670409,0.0152439024390244
"CS","g2002_t2020",2002,2020,0.4,0.237216354960896,0.0152439024390244
"CS","g2003_t2001",2003,2001,-1.46451590113832e-18,0.0723220594392976,0
"CS","g2003_t2002",2003,2002,0,0.0723220594392976,0
"CS","g2003_t2003",2003,2003,0.146341463414634,0.0564464854160372,0.00304878048780488
"CS","g2003_t2004",2003,2004,-0.146341463414634,0.0881976334625581,0.00304878048780488
"CS","g2003_t2005",2003,2005,0.048780487804878,0.0687941541007953,0.00304878048780488
"CS","g2003_t2006",2003,2006,0.0731707317073171,0.0573284617506628,0.00304878048780488
"CS","g2003_t2007",2003,2007,0.048780487804878,0.0705581067700465,0.00304878048780488
"CS","g2003_t2008",2003,2008,-0.024390243902439,0.0749679884431744,0.00304878048780488
"CS","g2003_t2009",2003,2009,-0.0975609756097561,0.065266248762293,0.00304878048780488
"CS","g2003_t2010",2003,2010,-0.0975609756097561,0.0793778701163023,0.00304878048780488
"CS","g2003_t2011",2003,2011,-0.048780487804878,0.0687941541007953,0.00304878048780488
"CS","g2003_t2012",2003,2012,-0.121951219512195,0.0820237991201791,0.00304878048780488
"CS","g2003_t2013",2003,2013,-0.0975609756097561,0.0829057754548046,0.00304878048780488
"CS","g2003_t2014",2003,2014,-0.121951219512195,0.0723220594392977,0.00304878048780488
"CS","g2003_t2015",2003,2015,-0.0731707317073171,0.0793778701163023,0.00304878048780488
"CS","g2003_t2016",2003,2016,-0.0975609756097561,0.0723220594392976,0.00304878048780488
"CS","g2003_t2017",2003,2017,-0.048780487804878,0.0776139174470511,0.00304878048780488
"CS","g2003_t2018",2003,2018,-0.024390243902439,0.0723220594392977,0.00304878048780488
"CS","g2003_t2019",2003,2019,-0.0975609756097561,0.0687941541007953,0.00304878048780488
"CS","g2003_t2020",2003,2020,0,0.0723220594392976,0.00304878048780488
"CS","g2004_t2001",2004,2001,-1.46047241426461e-18,0.0723220594392977,0
"CS","g2004_t2002",2004,2002,0,0.0723220594392977,0
"CS","g2004_t2003",2004,2003,0.146341463414634,0.0564464854160372,0
"CS","g2004_t2004",2004,2004,-0.292682926829268,0.0749679884431743,0.00609756097560976
"CS","g2004_t2005",2004,2005,-0.0975609756097561,0.0511546274082837,0.00609756097560976
"CS","g2004_t2006",2004,2006,-0.0731707317073171,0.0414528877274023,0.00609756097560976
"CS","g2004_t2007",2004,2007,-0.0975609756097561,0.0511546274082837,0.00609756097560976
"CS","g2004_t2008",2004,2008,-0.170731707317073,0.0599743907545395,0.00609756097560976
"CS","g2004_t2009",2004,2009,-0.24390243902439,0.0635022960930418,0.00609756097560976
"CS","g2004_t2010",2004,2010,-0.24390243902439,0.0635022960930419,0.00609756097560976
"CS","g2004_t2011",2004,2011,-0.195121951219512,0.0643842724276674,0.00609756097560976
"CS","g2004_t2012",2004,2012,-0.268292682926829,0.0723220594392977,0.00609756097560976
"CS","g2004_t2013",2004,2013,-0.24390243902439,0.065266248762293,0.00609756097560976
"CS","g2004_t2014",2004,2014,-0.268292682926829,0.0652662487622931,0.00609756097560976
"CS","g2004_t2015",2004,2015,-0.219512195121951,0.0679121777661697,0.00609756097560976
"CS","g2004_t2016",2004,2016,-0.24390243902439,0.0635022960930419,0.00609756097560976
"CS","g2004_t2017",2004,2017,-0.695121951219512,0.376824388968779,0.00609756097560976
"CS","g2004_t2018",2004,2018,-0.170731707317073,0.0608563670891651,0.00609756097560976
"CS","g2004_t2019",2004,2019,-0.24390243902439,0.0635022960930419,0.00609756097560976
"CS","g2004_t2020",2004,2020,-0.646341463414634,0.380352294307282,0.00609756097560976
"CS","g2008_t2001",2008,2001,-1.46620996703193e-18,0.0723220594392976,0
"CS","g2008_t2002",2008,2002,1,0.0723220594392976,0
"CS","g2008_t2003",2008,2003,-0.853658536585366,0.0564464854160372,0
"CS","g2008_t2004",2008,2004,-0.292682926829268,0.0749679884431744,0
"CS","g2008_t2005",2008,2005,0.195121951219512,0.0864336807933069,0
"CS","g2008_t2006",2008,2006,0.024390243902439,0.0432168403966535,0
"CS","g2008_t2007",2008,2007,-0.024390243902439,0.0405709113927767,0
"CS","g2008_t2008",2008,2008,-0.0731707317073171,0.0573284617506628,0.00304878048780488
"CS","g2008_t2009",2008,2009,0.853658536585366,0.0687941541007953,0.00304878048780488
"CS","g2008_t2010",2008,2010,-0.146341463414634,0.0776139174470511,0.00304878048780488
"CS","g2008_t2011",2008,2011,-0.0975609756097561,0.0687941541007953,0.00304878048780488
"CS","g2008_t2012",2008,2012,-0.170731707317073,0.0890796097971837,0.00304878048780488
"CS","g2008_t2013",2008,2013,-0.146341463414634,0.0670302014315442,0.00304878048780488
"CS","g2008_t2014",2008,2014,-0.170731707317073,0.0723220594392977,0.00304878048780488
"CS","g2008_t2015",2008,2015,-0.121951219512195,0.0732040357739232,0.00304878048780488
"CS","g2008_t2016",2008,2016,-0.146341463414634,0.082023799120179,0.00304878048780488
"CS","g2008_t2017",2008,2017,-0.0975609756097561,0.0758499647778,0.00304878048780488
"CS","g2008_t2018",2008,2018,-0.0731707317073171,0.0873156571279325,0.00304878048780488
"CS","g2008_t2019",2008,2019,-0.146341463414634,0.0714400831046721,0.00304878048780488
"CS","g2008_t2020",2008,2020,-0.048780487804878,0.0687941541007954,0.00304878048780488
"CS","g2009_t2001",2009,2001,1.37319964505345e-18,0.278956514980148,0
"CS","g2009_t2002",2009,2002,0,0.351278574419446,0
"CS","g2009_t2003",2009,2003,0.00348432055749132,0.2579330790854,0
"CS","g2009_t2004",2009,2004,-0.292682926829268,0.0749679884431744,0
"CS","g2009_t2005",2009,2005,0.0522648083623694,0.184729043311476,0
"CS","g2009_t2006",2009,2006,0.167247386759582,0.262882946269523,0
"CS","g2009_t2007",2009,2007,0.118466898954704,0.266140858852527,0
"CS","g2009_t2008",2009,2008,-0.0731707317073171,0.0573284617506628,0
"CS","g2009_t2009",2009,2009,-0.21602787456446,0.188796934160974,0.0213414634146341
"CS","g2009_t2010",2009,2010,-0.21602787456446,0.269056780611902,0.0213414634146341
"CS","g2009_t2011",2009,2011,-0.167247386759582,0.276454582112537,0.0213414634146341
"CS","g2009_t2012",2009,2012,-0.383275261324042,0.193350811970367,0.0213414634146341
"CS","g2009_t2013",2009,2013,-0.358885017421603,0.32692522787356,0.0213414634146341
"CS","g2009_t2014",2009,2014,-0.240418118466899,0.256241124484281,0.0213414634146341
"CS","g2009_t2015",2009,2015,-0.334494773519164,0.198102684467125,0.0213414634146341
"CS","g2009_t2016",2009,2016,-0.21602787456446,0.274960622198783,0.0213414634146341
"CS","g2009_t2017",2009,2017,0.261324041811847,0.294436099628679,0.0213414634146341
"CS","g2009_t2018",2009,2018,0,0.216966178317893,0.0213414634146341
"CS","g2009_t2019",2009,2019,-0.0731707317073171,0.219738103941002,0.0213414634146341
"CS","g2009_t2020",2009,2020,-0.118466898954704,0.180661152461979,0.0213414634146341
"CS","g2012_t2001",2012,2001,-1.46451590113832e-18,0.0723220594392976,0
"CS","g2012_t2002",2012,2002,1,0.0723220594392976,0
"CS","g2012_t2003",2012,2003,-0.853658536585366,0.0564464854160372,0
"CS","g2012_t2004",2012,2004,-0.292682926829268,0.0749679884431744,0
"CS","g2012_t2005",2012,2005,1.19512195121951,0.086433680793307,0
"CS","g2012_t2006",2012,2006,-0.975609756097561,0.0432168403966535,0
"CS","g2012_t2007",2012,2007,-0.024390243902439,0.0405709113927767,0
"CS","g2012_t2008",2012,2008,-0.0731707317073171,0.0573284617506628,0
"CS","g2012_t2009",2012,2009,-0.0731707317073171,0.0573284617506628,0
"CS","g2012_t2010",2012,2010,0,0.0723220594392976,0
"CS","g2012_t2011",2012,2011,0.048780487804878,0.0776139174470511,0
"CS","g2012_t2012",2012,2012,-0.0731707317073171,0.0679121777661698,0.00304878048780488
"CS","g2012_t2013",2012,2013,-0.048780487804878,0.0740860121085488,0.00304878048780488
"CS","g2012_t2014",2012,2014,-0.0731707317073171,0.0520366037429093,0.00304878048780488
"CS","g2012_t2015",2012,2015,-0.024390243902439,0.0449807930659046,0.00304878048780488
"CS","g2012_t2016",2012,2016,0.951219512195122,0.0705581067700465,0.00304878048780488
"CS","g2012_t2017",2012,2017,1,0.0723220594392976,0.00304878048780488
"CS","g2012_t2018",2012,2018,0.024390243902439,0.104955183820444,0.00304878048780488
"CS","g2012_t2019",2012,2019,-0.048780487804878,0.0705581067700465,0.00304878048780488
"CS","g2012_t2020",2012,2020,0.048780487804878,0.0740860121085488,0.00304878048780488
"CS","g2013_t2001",2013,2001,0.333333333333333,0.329467159667912,0
"CS","g2013_t2002",2013,2002,-0.333333333333333,0.329467159667912,0
"CS","g2013_t2003",2013,2003,0.479674796747968,0.340050875683419,0
"CS","g2013_t2004",2013,2004,-0.292682926829268,0.0749679884431744,0
"CS","g2013_t2005",2013,2005,0.528455284552846,0.322411348990907,0
"CS","g2013_t2006",2013,2006,-0.308943089430894,0.300361940625267,0
"CS","g2013_t2007",2013,2007,-0.357723577235772,0.302125893294519,0
"CS","g2013_t2008",2013,2008,-0.0731707317073171,0.0573284617506628,0
"CS","g2013_t2009",2013,2009,-0.0731707317073171,0.0573284617506628,0
"CS","g2013_t2010",2013,2010,0,0.0723220594392977,0
"CS","g2013_t2011",2013,2011,0.382113821138211,0.320647396321656,0
"CS","g2013_t2012",2013,2012,-0.40650406504065,0.326821230664035,0
"CS","g2013_t2013",2013,2013,0.357723577235772,0.30388984596377,0.00914634146341463
"CS","g2013_t2014",2013,2014,0,0.0723220594392977,0.00914634146341463
"CS","g2013_t2015",2013,2015,0.382113821138211,0.331231112337163,0.00914634146341463
"CS","g2013_t2016",2013,2016,0.024390243902439,0.104073207485819,0.00914634146341463
"CS","g2013_t2017",2013,2017,0.40650406504065,0.330349136002537,0.00914634146341463
"CS","g2013_t2018",2013,2018,0.0975609756097561,0.0864336807933069,0.00914634146341463
"CS","g2013_t2019",2013,2019,0.357723577235772,0.300361940625267,0.00914634146341463
"CS","g2013_t2020",2013,2020,0.788617886178862,0.333877041341039,0.00914634146341463
"CS","g2014_t2001",2014,2001,-1.46620996703193e-18,0.0723220594392976,0
"CS","g2014_t2002",2014,2002,0,0.0723220594392976,0
"CS","g2014_t2003",2014,2003,0.146341463414634,0.0564464854160372,0
"CS","g2014_t2004",2014,2004,-0.292682926829268,0.0749679884431744,0
"CS","g2014_t2005",2014,2005,0.195121951219512,0.0864336807933069,0
"CS","g2014_t2006",2014,2006,0.024390243902439,0.0432168403966535,0
"CS","g2014_t2007",2014,2007,-0.024390243902439,0.0405709113927767,0
"CS","g2014_t2008",2014,2008,-0.0731707317073171,0.0573284617506628,0
"CS","g2014_t2009",2014,2009,-0.0731707317073171,0.0573284617506628,0
"CS","g2014_t2010",2014,2010,0,0.0723220594392976,0
"CS","g2014_t2011",2014,2011,0.048780487804878,0.0776139174470511,0
"CS","g2014_t2012",2014,2012,-0.0731707317073171,0.0679121777661697,0
"CS","g2014_t2013",2014,2013,0.024390243902439,0.104955183820444,0
"CS","g2014_t2014",2014,2014,-0.024390243902439,0.10583716015507,0.00304878048780488
"CS","g2014_t2015",2014,2015,0.024390243902439,0.104955183820444,0.00304878048780488
"CS","g2014_t2016",2014,2016,3.9015506938046e-18,0.108483089158946,0.00304878048780488
"CS","g2014_t2017",2014,2017,0.048780487804878,0.0793778701163023,0.00304878048780488
"CS","g2014_t2018",2014,2018,-0.926829268292683,0.0952534441395626,0.00304878048780488
"CS","g2014_t2019",2014,2019,0,0.0723220594392976,0.00304878048780488
"CS","g2014_t2020",2014,2020,0.0975609756097561,0.0793778701163023,0.00304878048780488
"CS","g2017_t2001",2017,2001,-0.333333333333333,0.329467159667912,0
"CS","g2017_t2002",2017,2002,0,0.0723220594392977,0
"CS","g2017_t2003",2017,2003,-0.186991869918699,0.334759017675665,0
"CS","g2017_t2004",2017,2004,0.0406504065040651,0.344460757356546,0
"CS","g2017_t2005",2017,2005,0.528455284552846,0.344460757356546,0
"CS","g2017_t2006",2017,2006,-0.308943089430894,0.362100284049058,0
"CS","g2017_t2007",2017,2007,-0.024390243902439,0.0405709113927767,0
"CS","g2017_t2008",2017,2008,-0.0731707317073171,0.0573284617506628,0
"CS","g2017_t2009",2017,2009,-0.0731707317073171,0.0573284617506628,0
"CS","g2017_t2010",2017,2010,0,0.0723220594392977,0
"CS","g2017_t2011",2017,2011,0.048780487804878,0.0776139174470511,0
"CS","g2017_t2012",2017,2012,-0.40650406504065,0.344460757356546,0
"CS","g2017_t2013",2017,2013,0.691056910569106,0.32770320699866,0
"CS","g2017_t2014",2017,2014,-0.357723577235772,0.332995065006414,0
"CS","g2017_t2015",2017,2015,0.048780487804878,0.0705581067700465,0
"CS","g2017_t2016",2017,2016,-0.691056910569106,0.35769040237593,0
"CS","g2017_t2017",2017,2017,0.715447154471545,0.334759017675665,0.00914634146341463
"CS","g2017_t2018",2017,2018,0.739837398373984,0.34181482835267,0.00914634146341463
"CS","g2017_t2019",2017,2019,0.666666666666667,0.329467159667912,0.00914634146341463
"CS","g2017_t2020",2017,2020,0.764227642276423,0.332995065006414,0.00914634146341463
"CS","g2018_t2001",2018,2001,-1.46907145870949e-18,0.0723220594392977,0
"CS","g2018_t2002",2018,2002,0,0.0723220594392977,0
"CS","g2018_t2003",2018,2003,-0.186991869918699,0.334759017675665,0
"CS","g2018_t2004",2018,2004,0.040650406504065,0.323293325325533,0
"CS","g2018_t2005",2018,2005,-0.138211382113821,0.323293325325533,0
"CS","g2018_t2006",2018,2006,0.357723577235772,0.360336331379807,0
"CS","g2018_t2007",2018,2007,-0.024390243902439,0.0405709113927767,0
"CS","g2018_t2008",2018,2008,-0.0731707317073171,0.52771584021764,0
"CS","g2018_t2009",2018,2009,0.260162601626016,0.658934319335823,0
"CS","g2018_t2010",2018,2010,0,0.0723220594392977,0
"CS","g2018_t2011",2018,2011,0.048780487804878,0.0776139174470511,0
"CS","g2018_t2012",2018,2012,-0.739837398373984,0.321529372656281,0
"CS","g2018_t2013",2018,2013,0.357723577235772,0.317805472576751,0
"CS","g2018_t2014",2018,2014,-0.0243902439024391,0.10583716015507,0
"CS","g2018_t2015",2018,2015,0.0487804878048781,0.528597816552265,0
"CS","g2018_t2016",2018,2016,-0.024390243902439,0.0449807930659046,0
"CS","g2018_t2017",2018,2017,-0.284552845528455,0.329467159667912,0
"CS","g2018_t2018",2018,2018,0.024390243902439,0.104073207485819,0.00914634146341463
"CS","g2018_t2019",2018,2019,0.284552845528455,0.331231112337163,0.00914634146341463
"CS","g2018_t2020",2018,2020,0.382113821138211,0.320647396321656,0.00914634146341463
"CS","g2019_t2001",2019,2001,-1.46620996703193e-18,0.0723220594392976,0
"CS","g2019_t2002",2019,2002,0,0.0723220594392976,0
"CS","g2019_t2003",2019,2003,0.146341463414634,0.0564464854160372,0
"CS","g2019_t2004",2019,2004,-0.292682926829268,0.0749679884431744,0
"CS","g2019_t2005",2019,2005,0.195121951219512,0.0864336807933069,0
"CS","g2019_t2006",2019,2006,0.024390243902439,0.0432168403966535,0
"CS","g2019_t2007",2019,2007,-0.024390243902439,0.0405709113927767,0
"CS","g2019_t2008",2019,2008,0.926829268292683,0.0573284617506628,0
"CS","g2019_t2009",2019,2009,-1.07317073170732,0.0573284617506628,0
"CS","g2019_t2010",2019,2010,0,0.0723220594392976,0
"CS","g2019_t2011",2019,2011,1.04878048780488,0.0776139174470511,0
"CS","g2019_t2012",2019,2012,-0.0731707317073171,0.0679121777661698,0
"CS","g2019_t2013",2019,2013,0.024390243902439,0.104955183820444,0
"CS","g2019_t2014",2019,2014,-1.02439024390244,0.10583716015507,0
"CS","g2019_t2015",2019,2015,1.04878048780488,0.0705581067700465,0
"CS","g2019_t2016",2019,2016,-0.024390243902439,0.0449807930659046,0
"CS","g2019_t2017",2019,2017,-0.951219512195122,0.0846697281240558,0
"CS","g2019_t2018",2019,2018,0.024390243902439,0.104073207485819,0
"CS","g2019_t2019",2019,2019,-0.0731707317073171,0.092607515135686,0.00304878048780488
"CS","g2019_t2020",2019,2020,0.024390243902439,0.102309254816567,0.00304878048780488
"CS","g2020_t2001",2020,2001,-1.46451590113832e-18,0.0723220594392976,0
"CS","g2020_t2002",2020,2002,0,0.0723220594392976,0
"CS","g2020_t2003",2020,2003,0.146341463414634,0.0564464854160372,0
"CS","g2020_t2004",2020,2004,-0.292682926829268,0.0749679884431744,0
"CS","g2020_t2005",2020,2005,0.195121951219512,0.086433680793307,0
"CS","g2020_t2006",2020,2006,0.024390243902439,0.0432168403966535,0
"CS","g2020_t2007",2020,2007,-0.024390243902439,0.0405709113927767,0
"CS","g2020_t2008",2020,2008,-0.0731707317073171,0.0573284617506628,0
"CS","g2020_t2009",2020,2009,-0.0731707317073171,0.0573284617506628,0
"CS","g2020_t2010",2020,2010,0,0.0723220594392976,0
"CS","g2020_t2011",2020,2011,0.048780487804878,0.0776139174470511,0
"CS","g2020_t2012",2020,2012,-0.0731707317073171,0.0679121777661698,0
"CS","g2020_t2013",2020,2013,0.024390243902439,0.104955183820444,0
"CS","g2020_t2014",2020,2014,-0.024390243902439,0.10583716015507,0
"CS","g2020_t2015",2020,2015,0.048780487804878,0.0705581067700465,0
"CS","g2020_t2016",2020,2016,-0.024390243902439,0.0449807930659046,0
"CS","g2020_t2017",2020,2017,0.048780487804878,0.0846697281240558,0
"CS","g2020_t2018",2020,2018,0.024390243902439,0.104073207485819,0
"CS","g2020_t2019",2020,2019,-0.0731707317073171,0.092607515135686,0
"CS","g2020_t2020",2020,2020,0.0975609756097561,0.0758499647778,0.00304878048780488
"SA","g2020_e-20",2020,-20,0.0963027487417528,0.0917604757423136,0
"SA","g2019_e-19",2019,-19,0.0248741773131103,0.0968783917156312,0
"SA","g2020_e-19",2020,-19,0.096302748741709,0.0740651377843474,0
"SA","g2018_e-18",2018,-18,0.382017034456082,0.315018198907879,0
"SA","g2019_e-18",2019,-18,0.0248741773130681,0.088852562835842,0
"SA","g2020_e-18",2020,-18,0.0952380952380737,0.0732724001677832,0
"SA","g2017_e-17",2017,-17,1.09630274874184,0.0834555665835238,0
"SA","g2018_e-17",2018,-17,0.382017034456038,0.317227381562998,0
"SA","g2019_e-17",2019,-17,0.0238095238094274,0.0795309378497011,0
"SA","g2020_e-17",2020,-17,0.236322476144907,0.0729830890490183,0
"SA","g2017_e-16",2017,-16,0.762969415408464,0.310009962173912,0
"SA","g2018_e-16",2018,-16,0.380952380952402,0.314730334319154,0
"SA","g2019_e-16",2019,-16,0.164893904716268,0.0640310017914819,0
"SA","g2020_e-16",2020,-16,-0.0500387146728814,0.0848824180655972,0
"SA","g2017_e-15",2017,-15,0.761904761904829,0.31216106412084,0
"SA","g2018_e-15",2018,-15,0.188703428525904,0.0675187829128228,0
"SA","g2019_e-15",2019,-15,-0.121467286101526,0.10209816893369,0
"SA","g2020_e-15",2020,-15,0.145083236546628,0.089696105396295,0
"SA","g2014_e-14",2014,-14,0.0975609756097452,0.0842969167487239,0
"SA","g2017_e-14",2017,-14,0.569655809478332,0.312275764691929,0
"SA","g2018_e-14",2018,-14,0.235675571041445,0.319264853805731,0
"SA","g2019_e-14",2019,-14,0.073654665117991,0.0795908968842504,0
"SA","g2020_e-14",2020,-14,0.169473480449067,0.0750700386089511,0
"SA","g2013_e-13",2013,-13,0.121951219512198,0.103154834119459,0
"SA","g2014_e-13",2014,-13,0.0975609756097003,0.0842969167486884,0
"SA","g2017_e-13",2017,-13,0.616627951993873,0.317353033289085,0
"SA","g2018_e-13",2018,-13,0.0974641889276257,0.091491696229573,0
"SA","g2019_e-13",2019,-13,0.0980449090204292,0.0831736576040174,0
"SA","g2020_e-13",2020,-13,0.145083236546631,0.0812508209729595,0
"SA","g2012_e-12",2012,-12,0.048780487804854,0.0764427116409017,0
"SA","g2013_e-12",2013,-12,0.455284552845487,0.315846149467114,0
"SA","g2014_e-12",2014,-12,0.0964963221060641,0.092129765014286,0
"SA","g2017_e-12",2017,-12,1.14508323654672,0.0896322119726873,0
"SA","g2018_e-12",2018,-12,0.455187766163397,0.313220304810657,0
"SA","g2019_e-12",2019,-12,0.073654665117987,0.0881952735775498,0
"SA","g2020_e-12",2020,-12,0.07823424085079,0.0695811178952642,0
"SA","g2012_e-11",2012,-11,0.0487804878048115,0.0660649730583207,0
"SA","g2013_e-11",2013,-11,0.120886566008518,0.0871073777649051,0
"SA","g2014_e-11",2014,-11,0.237580703012898,0.0741322467025472,0
"SA","g2017_e-11",2017,-11,0.836140147115824,0.314870502806898,0
"SA","g2018_e-11",2018,-11,0.430797522260961,0.314646977406652,0
"SA","g2019_e-11",2019,-11,1.00680566942214,0.0750983370677075,0
"SA","g2020_e-11",2020,-11,-0.00125822686800334,0.0851215380784376,0
"SA","g2012_e-10",2012,-10,1.04771583430116,0.0655270245797206,0
"SA","g2013_e-10",2013,-10,0.595304280248685,0.312952544008433,0
"SA","g2014_e-10",2014,-10,-0.0487804878048898,0.0855709977783686,0
"SA","g2017_e-10",2017,-10,0.811749903213387,0.31640104100634,0
"SA","g2018_e-10",2018,-10,0.363948526565119,0.313697409956036,0
"SA","g2019_e-10",2019,-10,-0.0726867982966467,0.0882528703126212,0
"SA","g2020_e-10",2020,-10,-0.00125822686800304,0.0762862167888174,0
"SA","g2009_e-9",2009,-9,-0.0189588030333959,0.0863197102687328,0
"SA","g2012_e-9",2012,-9,0.188800215208006,0.0685139105914318,0
"SA","g2013_e-9",2013,-9,0.308943089430894,0.318858195136844,0
"SA","g2014_e-9",2014,-9,0.146341463414619,0.082129538093737,0
"SA","g2017_e-9",2017,-9,0.744900907517547,0.317980268471353,0
"SA","g2018_e-9",2018,-9,0.617789392179655,0.314998659882548,0
"SA","g2019_e-9",2019,-9,-0.0726867982966453,0.103409699685853,0
"SA","g2020_e-9",2020,-9,0.0475222609368766,0.0755262682830562,0
"SA","g2008_e-8",2008,-8,-0.0487804878048785,0.0660649730584138,0
"SA","g2009_e-8",2009,-8,-0.01895880303344,0.216630718127742,0
"SA","g2012_e-8",2012,-8,-0.0975609756097798,0.0842969167484786,0
"SA","g2013_e-8",2013,-8,0.83739837398374,0.317497790001657,0
"SA","g2014_e-8",2014,-8,0.17073170731706,0.0851484223671807,0
"SA","g2017_e-8",2017,-8,0.665408439798752,0.317417074345347,0
"SA","g2018_e-8",2018,-8,0.617789392179656,0.312726823849369,0
"SA","g2019_e-8",2019,-8,0.976093689508223,0.0966735403462964,0
"SA","g2020_e-8",2020,-8,-0.0256484707704436,0.09706011802477,0
"SA","g2008_e-7",2008,-7,-0.0487804878049215,0.0764427116408926,0
"SA","g2009_e-7",2009,-7,-0.0200234565370758,0.221006735044465,0
"SA","g2012_e-7",2012,-7,1.09756097560972,0.0842969167484606,0
"SA","g2013_e-7",2013,-7,0.528455284552845,0.315903246339375,0
"SA","g2014_e-7",2014,-7,0.146341463414622,0.0725696460631213,0
"SA","g2017_e-7",2017,-7,0.665408439798752,0.31971065128039,0
"SA","g2018_e-7",2018,-7,0.666569879984536,0.312767557487726,0
"SA","g2019_e-7",2019,-7,0.902922957800903,0.0917290996368599,0
"SA","g2020_e-7",2020,-7,-0.00125822686800235,0.093468289295322,0
"SA","g2008_e-6",2008,-6,0.95015485869143,0.075859495060268,0
"SA","g2009_e-6",2009,-6,-0.0217962184873838,0.146965553528195,0
"SA","g2012_e-6",2012,-6,0.121951219512167,0.0687407434566159,0
"SA","g2013_e-6",2013,-6,0.170731707317077,0.0934299808917888,0
"SA","g2014_e-6",2014,-6,0.0794924677187817,0.0703695531415592,0
"SA","g2017_e-6",2017,-6,0.714188927603631,0.312679459874403,0
"SA","g2018_e-6",2018,-6,-0.0732675183894564,0.0883704763267541,0
"SA","g2019_e-6",2019,-6,0.927313201703345,0.0963286768172952,0
"SA","g2020_e-6",2020,-6,-0.0256484707704405,0.08064696075575,0
"SA","g2008_e-5",2008,-5,0.0912392395982747,0.051560031577744,0
"SA","g2009_e-5",2009,-5,-0.308157409305181,0.157052838257191,0
"SA","g2012_e-5",2012,-5,0.0975609756097332,0.0750137499098243,0
"SA","g2013_e-5",2013,-5,0.103882711621234,0.0745504475463719,0
"SA","g2014_e-5",2014,-5,-1.1510587036438e-14,0.0941989648974751,0
"SA","g2017_e-5",2017,-5,0.30768486256297,0.318566937922187,0
"SA","g2018_e-5",2018,-5,0.284456058846325,0.317355952499201,0
"SA","g2019_e-5",2019,-5,-0.0970770421990827,0.099139193722433,0
"SA","g2020_e-5",2020,-5,0.0231320170344367,0.096958307488567,0
"SA","g2004_e-4",2004,-4,-0.0104241391678516,0.131516370161302,0
"SA","g2008_e-4",2008,-4,-0.195121951219512,0.0690026139037963,0
"SA","g2009_e-4",2009,-4,-0.25589260094281,0.179781444625487,0
"SA","g2012_e-4",2012,-4,0.0307119799138914,0.0711896108216819,0
"SA","g2013_e-4",2013,-4,0.0243902439024393,0.0979533729859805,0
"SA","g2014_e-4",2014,-4,-1.07411751021315e-14,0.0941989648974826,0
"SA","g2017_e-4",2017,-4,0.998741773132083,0.107760169045456,0
"SA","g2018_e-4",2018,-4,0.260065814943887,0.318275632784755,0
"SA","g2019_e-4",2019,-4,0.951703445605786,0.0846289057320672,0
"SA","g2020_e-4",2020,-4,-2.47834675847313e-14,0.0919561324001963,0
"SA","g2003_e-3",2003,-3,0.0447154471544708,0.0684412817472964,0
"SA","g2004_e-3",2004,-3,-0.0104241391678955,0.127968654293592,0
"SA","g2008_e-3",2008,-3,-3.63903174731812e-15,0.066608726863119,0
"SA","g2009_e-3",2009,-3,-0.0886452141832257,0.257965864611073,0
"SA","g2012_e-3",2012,-3,-0.0487804878049017,0.0660649730580412,0
"SA","g2013_e-3",2013,-3,0.0243902439024398,0.0979533729859879,0
"SA","g2014_e-3",2014,-3,0.0487804878048683,0.0855709977786574,0
"SA","g2017_e-3",2017,-3,0.641018195896314,0.31164798136872,0
"SA","g2018_e-3",2018,-3,0.308846302748766,0.320770186356429,0
"SA","g2019_e-3",2019,-3,0.928571428571326,0.094918872665024,0
"SA","g2020_e-3",2020,-3,0.0476190476190266,0.08354339000805,0
"SA","g2002_e-2",2002,-2,0.400000000000402,0.253183266796643,0
"SA","g2003_e-2",2003,-2,0.0447154471544272,0.0520800574447921,0
"SA","g2004_e-2",2004,-2,-0.011488792671531,0.131111117606904,0
"SA","g2008_e-2",2008,-2,0.0243902439024355,0.060656683787773,0
"SA","g2009_e-2",2009,-2,0.0298216847714851,0.0769945267476685,0
"SA","g2012_e-2",2012,-2,-0.0487804878049014,0.0855709977783573,0
"SA","g2013_e-2",2013,-2,0.406504065040653,0.313956127431918,0
"SA","g2014_e-2",2014,-2,-0.0243902439024536,0.0979533729864606,0
"SA","g2017_e-2",2017,-2,0.689798683701192,0.311663367391881,0
"SA","g2018_e-2",2018,-2,0.285714285714303,0.321376956988535,0
"SA","g2019_e-2",2019,-2,-0.0238095238096184,0.0956232895463821,0
"SA","g2020_e-2",2020,-2,0.0714285714285551,0.0949188726652805,0
"SA","g2001_e0",2001,0,-5.89892718005913e-14,0.0666087268633713,0.0031055900621118
"SA","g2002_e0",2002,0,0.198935346496716,0.210080011214382,0.015527950310559
"SA","g2003_e0",2003,0,0.184735174557625,0.0374342358726262,0.0031055900621118
"SA","g2004_e0",2004,0,-0.156765602582489,0.134040082060508,0.0062111801242236
"SA","g2008_e0",2008,0,-0.0668489956958406,0.0697659162713484,0.0031055900621118
"SA","g2009_e0",2009,0,-0.238653006934471,0.143785954751069,0.0248447204968944
"SA","g2012_e0",2012,0,-0.0731707317073397,0.0805776931009926,0.0031055900621118
"SA","g2013_e0",2013,0,0.357723577235774,0.318858195136894,0.0093167701863354
"SA","g2014_e0",2014,0,-0.0243902439024487,0.105231985523347,0.0031055900621118
"SA","g2017_e0",2017,0,0.714285714285782,0.32137695698866,0.0093167701863354
"SA","g2018_e0",2018,0,0.0238095238095524,0.0956232895463906,0.0093167701863354
"SA","g2019_e0",2019,0,-0.0714285714286619,0.0949188726652232,0.0031055900621118
"SA","g2020_e0",2020,0,0.0952380952380749,0.0823296200679225,0.0031055900621118
"SA","g2001_e1",2001,1,-0.00106465350369301,0.0853888477742938,0.0031055900621118
"SA","g2002_e1",2002,1,0.340019727403555,0.208626782294322,0.015527950310559
"SA","g2003_e1",2003,1,-0.101626016260164,0.073604693987366,0.0031055900621118
"SA","g2004_e1",2004,1,0.0383563486370248,0.129555363883204,0.0062111801242236
"SA","g2008_e1",2008,1,0.853658536585353,0.0821295380937637,0.0031055900621118
"SA","g2009_e1",2009,1,-0.238653006934471,0.238309984714638,0.0248447204968944
"SA","g2012_e1",2012,1,-0.0487804878049017,0.0855709977786398,0.0031055900621118
"SA","g2013_e1",2013,1,1.90427263833533e-15,0.085991496613968,0.0093167701863354
"SA","g2014_e1",2014,1,0.0243902439024289,0.0979533729862303,0.0031055900621118
"SA","g2017_e1",2017,1,0.73809523809531,0.317939110074162,0.0093167701863354
"SA","g2018_e1",2018,1,0.285714285714311,0.314730334319052,0.0093167701863354
"SA","g2019_e1",2019,1,0.0238095238094307,0.0879459594832837,0.0031055900621118
"SA","g2001_e2",2001,2,0.140019727403131,0.0615731748729018,0.0031055900621118
"SA","g2002_e2",2002,2,-0.146341463414254,0.0821295380937668,0.015527950310559
"SA","g2003_e2",2003,2,0.093495934959346,0.0611584290917343,0.0031055900621118
"SA","g2004_e2",2004,2,0.0627465925394646,0.126547282527006,0.0062111801242236
"SA","g2008_e2",2008,2,-0.146341463414634,0.0821295380937689,0.0031055900621118
"SA","g2009_e2",2009,2,-0.189872519129591,0.237092839244585,0.0248447204968944
"SA","g2012_e2",2012,2,-0.0731707317073385,0.0594554423901335,0.0031055900621118
"SA","g2013_e2",2013,2,0.382113821138213,0.312920394812374,0.0093167701863354
"SA","g2014_e2",2014,2,0.00125822686796668,0.10776016904543,0.0031055900621118
"SA","g2017_e2",2017,2,0.666666666666736,0.31706720992992,0.0093167701863354
"SA","g2018_e2",2018,2,0.380952380952404,0.316961362084808,0.0093167701863354
"SA","g2001_e3",2001,3,-0.14634146341464,0.0985041929214869,0.0031055900621118
"SA","g2002_e3",2002,3,0.248780487805273,0.213588820456403,0.015527950310559
"SA","g2003_e3",2003,3,0.117886178861785,0.0555974548564315,0.0031055900621118
"SA","g2004_e3",2004,3,0.038356348637028,0.12595242424133,0.0062111801242236
"SA","g2008_e3",2008,3,-0.0975609756097533,0.0750137499098907,0.0031055900621118
"SA","g2009_e3",2009,3,-0.388043250836916,0.170611634903625,0.0248447204968944
"SA","g2012_e3",2012,3,-0.0243902439024613,0.0718201976183792,0.0031055900621118
"SA","g2013_e3",2013,3,0.0256484707704183,0.0970010753073581,0.0093167701863354
"SA","g2014_e3",2014,3,0.0488772744870178,0.0929468410443544,0.0031055900621118
"SA","g2017_e3",2017,3,0.761904761904831,0.312161064120836,0.0093167701863354
"SA","g2001_e4",2001,4,0.0487804878048601,0.0764427116406235,0.0031055900621118
"SA","g2002_e4",2002,4,0.0731707317077062,0.0805776931006969,0.015527950310559
"SA","g2003_e4",2003,4,0.093495934959349,0.0611584290921345,0.0031055900621118
"SA","g2004_e4",2004,4,-0.0284926470588149,0.119556737459402,0.0062111801242236
"SA","g2008_e4",2008,4,-0.170731707317074,0.0934299808920655,0.0031055900621118
"SA","g2009_e4",2009,4,-0.36365300693447,0.25582700896179,0.0248447204968944
"SA","g2012_e4",2012,4,0.952477739063065,0.0754503764112683,0.0031055900621118
"SA","g2013_e4",2013,4,0.406600851722804,0.316045924531215,0.0093167701863354
"SA","g2014_e4",2014,4,-0.927313201703428,0.0963286768173245,0.0031055900621118
"SA","g2001_e5",2001,5,0.0731707317072953,0.0708085950122793,0.0031055900621118
"SA","g2002_e5",2002,5,0.64878048780529,0.255946346437285,0.015527950310559
"SA","g2003_e5",2003,5,0.0266469392635077,0.0579738309008322,0.0031055900621118
"SA","g2004_e5",2004,5,-0.122384624581531,0.119907019893666,0.0031055900621118
"SA","g2008_e5",2008,5,-0.146341463414632,0.0725696460631692,0.0031055900621118
"SA","g2009_e5",2009,5,-0.263043250836909,0.236071313677619,0.0248447204968944
"SA","g2012_e5",2012,5,1.00009678668212,0.0758146403421848,0.0031055900621118
"SA","g2013_e5",2013,5,0.0970770421989996,0.0917290996366431,0.0093167701863354
"SA","g2014_e5",2014,5,0.00125822686797289,0.0934682892952946,0.0031055900621118
"SA","g2001_e6",2001,6,0.0487804878048599,0.0660649730584213,0.0031055900621118
"SA","g2002_e6",2002,6,0.381931492109439,0.254371397373353,0.015527950310559
"SA","g2003_e6",2003,6,-0.0528455284552858,0.064553796207811,0.0031055900621118
"SA","g2004_e6",2004,6,-0.12238462458153,0.123291295323032,0.0031055900621118
"SA","g2008_e6",2008,6,-0.17073170731707,0.0851484223672369,0.0031055900621118
"SA","g2009_e6",2009,6,-0.33926276303203,0.170638922669003,0.0248447204968944
"SA","g2012_e6",2012,6,0.0239063104916573,0.0966735403463103,0.0031055900621118
"SA","g2013_e6",2013,6,0.358981804103758,0.318584920919907,0.0093167701863354
"SA","g2014_e6",2014,6,0.0964963221060651,0.0920364425182223,0.0031055900621118
"SA","g2001_e7",2001,7,-0.0180685078909767,0.0804726883710835,0.0031055900621118
"SA","g2002_e7",2002,7,-0.0975609756093725,0.0842969167484881,0.015527950310559
"SA","g2003_e7",2003,7,-0.0528455284552853,0.070047457867826,0.0031055900621118
"SA","g2004_e7",2004,7,-0.0736041367766502,0.118701604772157,0.0031055900621118
"SA","g2008_e7",2008,7,-0.121951219512194,0.0876533217088892,0.0031055900621118
"SA","g2009_e7",2009,7,-0.237394780066492,0.239337707018586,0.0248447204968944
"SA","g2012_e7",2012,7,-0.0475222609369175,0.0755262682830027,0.0031055900621118
"SA","g2013_e7",2013,7,0.787553232675185,0.315667853506577,0.0093167701863354
"SA","g2001_e8",2001,8,-0.0975609756097673,0.084296916748474,0.0031055900621118
"SA","g2002_e8",2002,8,-0.0975609756093727,0.0750137499095281,0.015527950310559
"SA","g2003_e8",2003,8,-0.00406504065040574,0.0549448374044586,0.0031055900621118
"SA","g2004_e8",2004,8,-0.146774868483971,0.1219791921242,0.0031055900621118
"SA","g2008_e8",2008,8,-0.145083236546656,0.0896322119729207,0.0031055900621118
"SA","g2009_e8",2009,8,0.0602242675525598,0.318429895194305,0.0248447204968944
"SA","g2012_e8",2012,8,0.047715834301176,0.0756326616920622,0.0031055900621118
"SA","g2001_e9",2001,9,-0.0975609756097677,0.0644061734438322,0.0031055900621118
"SA","g2002_e9",2002,9,0.551219512195531,0.253040757106016,0.015527950310559
"SA","g2003_e9",2003,9,-0.0772357723577258,0.0728246277997191,0.0031055900621118
"SA","g2004_e9",2004,9,-0.12238462458153,0.119907019893857,0.0031055900621118
"SA","g2008_e9",2008,9,-0.0974641889276023,0.0832288115047356,0.0031055900621118
"SA","g2009_e9",2009,9,-0.0409662086379113,0.199839659954042,0.0248447204968944
"SA","g2001_e10",2001,10,-0.0487804878048897,0.07644271164094,0.0031055900621118
"SA","g2002_e10",2002,10,-0.12195121951182,0.08765332170915,0.015527950310559
"SA","g2003_e10",2003,10,-0.0528455284552845,0.0783522129147562,0.0031055900621118
"SA","g2004_e10",2004,10,-0.146774868483968,0.125307515313572,0.0031055900621118
"SA","g2008_e10",2008,10,-0.0736546651180761,0.0881952735776211,0.0031055900621118
"SA","g2009_e10",2009,10,-0.112394780066486,0.200452220733359,0.0248447204968944
"SA","g2002_e11",2002,11,0.102439024390635,0.216524054632223,0.015527950310559
"SA","g2003_e11",2003,11,-0.0772357723577227,0.0638044159858213,0.0031055900621118
"SA","g2004_e11",2004,11,-0.0979943806790898,0.121092702902495,0.0031055900621118
"SA","g2008_e11",2008,11,-0.145083236546647,0.0812508209729707,0.0031055900621118
"SA","g2009_e11",2009,11,-0.267156684828391,0.194455386891021,0.0248447204968944
"SA","g2001_e12",2001,12,-0.097560975609767,0.0842969167487514,0.0031055900621118
"SA","g2002_e12",2002,12,0.0780487804881963,0.214431558707512,0.015527950310559
"SA","g2003_e12",2003,12,-0.0284552845528452,0.06688643643353,0.0031055900621118
"SA","g2004_e12",2004,12,-0.121126397713552,0.128997748423882,0.0031055900621118
"SA","g2008_e12",2008,12,-0.0498451413085567,0.075746129542198,0.0031055900621118
"SA","g2001_e13",2001,13,-0.121951219512204,0.0876533217088188,0.0031055900621118
"SA","g2002_e13",2002,13,0.326829268293083,0.254320469524095,0.015527950310559
"SA","g2004_e13",2004,13,-0.0735073500944998,0.121397952449153,0.0031055900621118
"SA","g2001_e14",2001,14,-0.0731707317073281,0.0805776931006532,0.0031055900621118
"SA","g2002_e14",2002,14,-0.0963027487413948,0.0634861506183683,0.015527950310559
"SA","g2004_e14",2004,14,-0.0496978262849711,0.118948882074852,0.0031055900621118
"SA","g2001_e15",2001,15,-0.0963027487417869,0.0834555665835301,0.0031055900621118
"SA","g2002_e15",2002,15,0.551316298877681,0.261194506791589,0.015527950310559
"SA","g2004_e15",2004,15,-0.121126397713545,0.119337823183789,0.0031055900621118
"SA","g2001_e16",2001,16,-0.0486837011227371,0.0846213939645645,0.0031055900621118
"SA","g2002_e16",2002,16,0.575125822687209,0.259922723157941,0.015527950310559
"SA","g2004_e16",2004,16,-0.0258883024754512,0.119828015748777,0.0031055900621118
"SA","g2001_e17",2001,17,-0.0248741773132128,0.0968783917156667,0.0031055900621118
"SA","g2002_e17",2002,17,0.303697251258627,0.25524632950648,0.015527950310559
"SA","g2001_e18",2001,18,-0.0963027487417818,0.0917604757423205,0.0031055900621118
"SA","g2002_e18",2002,18,0.398935346496724,0.252991644708211,0.015527950310559
"SA","g2001_e19",2001,19,-0.00106465350369467,0.08528814966949,0.0031055900621118
"stacked","stack2002",2002,NA,0.00657894736842113,0.157566140794929,0.0589923916285535
"stacked","stack2004",2004,NA,-0.111482216359476,0.0417321974058665,0.0646990488474332
"stacked","stack2008",2008,NA,-0.111510441525136,0.0418250484389398,0.0503860218256007
"stacked","stack2009",2009,NA,-0.111770924243646,0.0403813201490528,0.370142769874947
"stacked","stack2012",2012,NA,-0.110590910948268,0.0418158163318163,0.0523239457419699
"stacked","stack2013",2013,NA,-0.109627351469632,0.0413524851540837,0.150751726591112
"stacked","stack2014",2014,NA,-0.112059363276354,0.0418389046394349,0.0474791359510468
"stacked","stack2016",2016,NA,-0.111432204464846,0.0420665968997557,5.62325702523777e-18
"stacked","stack2017",2017,NA,-0.110817734225637,0.0415967757106835,0.0985684366172652
"stacked","stack2018",2018,NA,-0.113125345465774,0.0416912663449749,0.0785566261347175
"stacked","stack2019",2019,NA,-0.112012532573655,0.0419779994386378,0.018410277205508
"stacked","stack2020",2020,NA,-0.111325224560874,0.0420199177047648,0.00968961958184631
