"estimator","cohort","event_time","estimate","se","identified","is_pre"
"CS",2001,0,-1.46451590113832e-18,0.0723220594392977,TRUE,FALSE
"CS",2001,1,-2.43279556404376e-18,0.0723220594392977,TRUE,FALSE
"CS",2001,2,0.146341463414634,0.0617383434237906,TRUE,FALSE
"CS",2001,3,-0.146341463414634,0.092607515135686,TRUE,FALSE
"CS",2001,4,0.048780487804878,0.0705581067700465,TRUE,FALSE
"CS",2001,5,0.0731707317073171,0.0599743907545396,TRUE,FALSE
"CS",2001,6,0.048780487804878,0.0670302014315442,TRUE,FALSE
"CS",2001,7,-0.024390243902439,0.0732040357739233,TRUE,FALSE
"CS",2001,8,-0.0975609756097561,0.0793778701163023,TRUE,FALSE
"CS",2001,9,-0.0975609756097561,0.0617383434237907,TRUE,FALSE
"CS",2001,10,-0.048780487804878,0.0740860121085488,TRUE,FALSE
"CS",2001,11,-0.121951219512195,0.0952534441395629,TRUE,FALSE
"CS",2001,12,-0.0975609756097561,0.0758499647778,TRUE,FALSE
"CS",2001,13,-0.121951219512195,0.0811418227855535,TRUE,FALSE
"CS",2001,14,-0.0731707317073171,0.0776139174470511,TRUE,FALSE
"CS",2001,15,-0.0975609756097561,0.0723220594392977,TRUE,FALSE
"CS",2001,16,-0.048780487804878,0.0776139174470512,TRUE,FALSE
"CS",2001,17,-0.024390243902439,0.102309254816567,TRUE,FALSE
"CS",2001,18,-0.0975609756097561,0.086433680793307,TRUE,FALSE
"CS",2001,19,0,0.0723220594392977,TRUE,FALSE
"CS",2002,-1,-0.4,0.237216354960896,TRUE,TRUE
"CS",2002,0,0.2,0.237216354960896,TRUE,FALSE
"CS",2002,1,0.346341463414634,0.229490242269576,TRUE,FALSE
"CS",2002,2,-0.146341463414634,0.0767319411124256,TRUE,FALSE
"CS",2002,3,0.248780487804878,0.230160544283892,TRUE,FALSE
"CS",2002,4,0.0731707317073171,0.0846697281240558,TRUE,FALSE
"CS",2002,5,0.648780487804878,0.237216354960896,TRUE,FALSE
"CS",2002,6,0.375609756097561,0.233688449622394,TRUE,FALSE
"CS",2002,7,-0.0975609756097561,0.0758499647778,TRUE,FALSE
"CS",2002,8,-0.0975609756097561,0.065266248762293,TRUE,FALSE
"CS",2002,9,0.551219512195122,0.236546052946581,TRUE,FALSE
"CS",2002,10,-0.121951219512195,0.0811418227855535,TRUE,FALSE
"CS",2002,11,0.102439024390244,0.230160544283892,TRUE,FALSE
"CS",2002,12,0.0780487804878049,0.233018147608079,TRUE,FALSE
"CS",2002,13,0.326829268292683,0.237004680640586,TRUE,FALSE
"CS",2002,14,-0.0975609756097561,0.065266248762293,TRUE,FALSE
"CS",2002,15,0.551219512195122,0.243178514982965,TRUE,FALSE
"CS",2002,16,0.575609756097561,0.241626236634024,TRUE,FALSE
"CS",2002,17,0.302439024390244,0.22003545596239,TRUE,FALSE
"CS",2002,18,0.4,0.237216354960896,TRUE,FALSE
"CS",2003,-2,-1.46451590113832e-18,0.0723220594392977,TRUE,TRUE
"CS",2003,-1,0,0.0723220594392977,TRUE,TRUE
"CS",2003,0,0.146341463414634,0.0564464854160372,TRUE,FALSE
"CS",2003,1,-0.146341463414634,0.0829057754548047,TRUE,FALSE
"CS",2003,2,0.048780487804878,0.0705581067700465,TRUE,FALSE
"CS",2003,3,0.0731707317073171,0.0626203197584163,TRUE,FALSE
"CS",2003,4,0.048780487804878,0.0705581067700465,TRUE,FALSE
"CS",2003,5,-0.024390243902439,0.0987813494780651,TRUE,FALSE
"CS",2003,6,-0.0975609756097561,0.0582104380852884,TRUE,FALSE
"CS",2003,7,-0.0975609756097561,0.0723220594392977,TRUE,FALSE
"CS",2003,8,-0.048780487804878,0.0687941541007953,TRUE,FALSE
"CS",2003,9,-0.121951219512195,0.0811418227855534,TRUE,FALSE
"CS",2003,10,-0.0975609756097561,0.086433680793307,TRUE,FALSE
"CS",2003,11,-0.121951219512195,0.0714400831046721,TRUE,FALSE
"CS",2003,12,-0.0731707317073171,0.0767319411124256,TRUE,FALSE
"CS",2003,13,-0.0975609756097561,0.0687941541007953,TRUE,FALSE
"CS",2003,14,-0.048780487804878,0.0776139174470511,TRUE,FALSE
"CS",2003,15,-0.024390243902439,0.0723220594392977,TRUE,FALSE
"CS",2003,16,-0.0975609756097561,0.0687941541007953,TRUE,FALSE
"CS",2003,17,0,0.0723220594392977,TRUE,FALSE
"CS",2004,-3,-1.46216648012813e-18,0.0723220594392977,TRUE,TRUE
"CS",2004,-2,0,0.0723220594392977,TRUE,TRUE
"CS",2004,-1,0.146341463414634,0.0564464854160372,TRUE,TRUE
"CS",2004,0,-0.292682926829268,0.0749679884431744,TRUE,FALSE
"CS",2004,1,-0.0975609756097561,0.0538005564121605,TRUE,FALSE
"CS",2004,2,-0.0731707317073171,0.0414528877274023,TRUE,FALSE
"CS",2004,3,-0.0975609756097561,0.0476267220697814,TRUE,FALSE
"CS",2004,4,-0.170731707317073,0.0599743907545395,TRUE,FALSE
"CS",2004,5,-0.24390243902439,0.0643842724276674,TRUE,FALSE
"CS",2004,6,-0.24390243902439,0.0635022960930418,TRUE,FALSE
"CS",2004,7,-0.195121951219512,0.0643842724276674,TRUE,FALSE
"CS",2004,8,-0.268292682926829,0.0723220594392977,TRUE,FALSE
"CS",2004,9,-0.24390243902439,0.0732040357739232,TRUE,FALSE
"CS",2004,10,-0.268292682926829,0.065266248762293,TRUE,FALSE
"CS",2004,11,-0.219512195121951,0.0687941541007953,TRUE,FALSE
"CS",2004,12,-0.24390243902439,0.0635022960930419,TRUE,FALSE
"CS",2004,13,-0.695121951219512,0.328315690564372,TRUE,FALSE
"CS",2004,14,-0.170731707317073,0.0599743907545395,TRUE,FALSE
"CS",2004,15,-0.24390243902439,0.0714400831046721,TRUE,FALSE
"CS",2004,16,-0.646341463414634,0.375942412634154,TRUE,FALSE
"CS",2008,-7,-1.46451590113832e-18,0.0723220594392977,TRUE,TRUE
"CS",2008,-6,1,0.0723220594392977,TRUE,TRUE
"CS",2008,-5,-0.853658536585366,0.0564464854160372,TRUE,TRUE
"CS",2008,-4,-0.292682926829268,0.0749679884431744,TRUE,TRUE
"CS",2008,-3,0.195121951219512,0.0784958937816768,TRUE,TRUE
"CS",2008,-2,0.024390243902439,0.0458627694005303,TRUE,TRUE
"CS",2008,-1,-0.024390243902439,0.0405709113927767,TRUE,TRUE
"CS",2008,0,-0.0731707317073171,0.0599743907545396,TRUE,FALSE
"CS",2008,1,0.853658536585366,0.0776139174470512,TRUE,FALSE
"CS",2008,2,-0.146341463414634,0.0723220594392977,TRUE,FALSE
"CS",2008,3,-0.0975609756097561,0.0687941541007954,TRUE,FALSE
"CS",2008,4,-0.170731707317073,0.0846697281240557,TRUE,FALSE
"CS",2008,5,-0.146341463414634,0.0679121777661698,TRUE,FALSE
"CS",2008,6,-0.170731707317073,0.0793778701163023,TRUE,FALSE
"CS",2008,7,-0.121951219512195,0.0776139174470512,TRUE,FALSE
"CS",2008,8,-0.146341463414634,0.0873156571279325,TRUE,FALSE
"CS",2008,9,-0.0975609756097561,0.0793778701163023,TRUE,FALSE
"CS",2008,10,-0.0731707317073171,0.092607515135686,TRUE,FALSE
"CS",2008,11,-0.146341463414634,0.0776139174470512,TRUE,FALSE
"CS",2008,12,-0.048780487804878,0.0723220594392976,TRUE,FALSE
"CS",2009,-8,1.39296089709318e-18,0.211800316929372,TRUE,TRUE
"CS",2009,-7,0,0.351278574419446,TRUE,TRUE
"CS",2009,-6,0.00348432055749132,0.243281472220395,TRUE,TRUE
"CS",2009,-5,-0.292682926829268,0.0749679884431744,TRUE,TRUE
"CS",2009,-4,0.0522648083623694,0.181543128796604,TRUE,TRUE
"CS",2009,-3,0.167247386759582,0.270280747770158,TRUE,TRUE
"CS",2009,-2,0.118466898954704,0.271432716860281,TRUE,TRUE
"CS",2009,-1,-0.0731707317073171,0.0599743907545396,TRUE,TRUE
"CS",2009,0,-0.21602787456446,0.200604617334737,TRUE,FALSE
"CS",2009,1,-0.21602787456446,0.261730977179399,TRUE,FALSE
"CS",2009,2,-0.167247386759582,0.273196669529532,TRUE,FALSE
"CS",2009,3,-0.383275261324042,0.192198842880244,TRUE,FALSE
"CS",2009,4,-0.358885017421603,0.28554433821429,TRUE,FALSE
"CS",2009,5,-0.240418118466899,0.263296935161286,TRUE,FALSE
"CS",2009,6,-0.334494773519164,0.188058953962614,TRUE,FALSE
"CS",2009,7,-0.21602787456446,0.274762627511418,TRUE,FALSE
"CS",2009,8,0.261324041811847,0.299043975989172,TRUE,FALSE
"CS",2009,9,0,0.242795485260499,TRUE,FALSE
"CS",2009,10,-0.0731707317073171,0.248087343268253,TRUE,FALSE
"CS",2009,11,-0.118466898954704,0.179779176127353,TRUE,FALSE
"CS",2012,-11,-1.46451590113832e-18,0.0723220594392977,TRUE,TRUE
"CS",2012,-10,1,0.0723220594392977,TRUE,TRUE
"CS",2012,-9,-0.853658536585366,0.0564464854160372,TRUE,TRUE
"CS",2012,-8,-0.292682926829268,0.0749679884431744,TRUE,TRUE
"CS",2012,-7,1.19512195121951,0.0784958937816767,TRUE,TRUE
"CS",2012,-6,-0.975609756097561,0.0458627694005302,TRUE,TRUE
"CS",2012,-5,-0.024390243902439,0.0405709113927767,TRUE,TRUE
"CS",2012,-4,-0.0731707317073171,0.0599743907545396,TRUE,TRUE
"CS",2012,-3,-0.0731707317073171,0.0635022960930419,TRUE,TRUE
"CS",2012,-2,0,0.0723220594392977,TRUE,TRUE
"CS",2012,-1,0.048780487804878,0.0758499647778,TRUE,TRUE
"CS",2012,0,-0.0731707317073171,0.0740860121085488,TRUE,FALSE
"CS",2012,1,-0.048780487804878,0.0740860121085488,TRUE,FALSE
"CS",2012,2,-0.0731707317073171,0.0493906747390326,TRUE,FALSE
"CS",2012,3,-0.024390243902439,0.0696761304354209,TRUE,FALSE
"CS",2012,4,0.951219512195122,0.0723220594392976,TRUE,FALSE
"CS",2012,5,1,0.0723220594392977,TRUE,FALSE
"CS",2012,6,0.024390243902439,0.103191231151193,TRUE,FALSE
"CS",2012,7,-0.048780487804878,0.0723220594392977,TRUE,FALSE
"CS",2012,8,0.048780487804878,0.0723220594392977,TRUE,FALSE
"CS",2013,-12,0.333333333333333,0.329467159667912,TRUE,TRUE
"CS",2013,-11,-0.333333333333333,0.329467159667912,TRUE,TRUE
"CS",2013,-10,0.479674796747968,0.334759017675665,TRUE,TRUE
"CS",2013,-9,-0.292682926829268,0.0749679884431744,TRUE,TRUE
"CS",2013,-8,0.528455284552846,0.336522970344916,TRUE,TRUE
"CS",2013,-7,-0.308943089430894,0.30388984596377,TRUE,TRUE
"CS",2013,-6,-0.357723577235772,0.353280520702802,TRUE,TRUE
"CS",2013,-5,-0.0731707317073171,0.0599743907545395,TRUE,TRUE
"CS",2013,-4,-0.0731707317073171,0.0635022960930419,TRUE,TRUE
"CS",2013,-3,0,0.0723220594392977,TRUE,TRUE
"CS",2013,-2,0.382113821138211,0.325939254329409,TRUE,TRUE
"CS",2013,-1,-0.40650406504065,0.31976541998703,TRUE,TRUE
"CS",2013,0,0.357723577235772,0.328585183333286,TRUE,FALSE
"CS",2013,1,0,0.0723220594392977,TRUE,FALSE
"CS",2013,2,0.382113821138211,0.324175301660158,TRUE,FALSE
"CS",2013,3,0.024390243902439,0.103191231151193,TRUE,FALSE
"CS",2013,4,0.40650406504065,0.306535774967647,TRUE,FALSE
"CS",2013,5,0.0975609756097561,0.0829057754548047,TRUE,FALSE
"CS",2013,6,0.357723577235772,0.325939254329409,TRUE,FALSE
"CS",2013,7,0.788617886178862,0.324175301660158,TRUE,FALSE
"CS",2014,-13,-1.46451590113832e-18,0.0723220594392977,TRUE,TRUE
"CS",2014,-12,0,0.0723220594392977,TRUE,TRUE
"CS",2014,-11,0.146341463414634,0.0564464854160372,TRUE,TRUE
"CS",2014,-10,-0.292682926829268,0.0749679884431744,TRUE,TRUE
"CS",2014,-9,0.195121951219512,0.0784958937816767,TRUE,TRUE
"CS",2014,-8,0.024390243902439,0.0458627694005303,TRUE,TRUE
"CS",2014,-7,-0.024390243902439,0.0405709113927767,TRUE,TRUE
"CS",2014,-6,-0.0731707317073171,0.0599743907545396,TRUE,TRUE
"CS",2014,-5,-0.0731707317073171,0.0635022960930419,TRUE,TRUE
"CS",2014,-4,0,0.0723220594392977,TRUE,TRUE
"CS",2014,-3,0.048780487804878,0.0758499647778,TRUE,TRUE
"CS",2014,-2,-0.0731707317073171,0.0740860121085488,TRUE,TRUE
"CS",2014,-1,0.024390243902439,0.104073207485819,TRUE,TRUE
"CS",2014,0,-0.024390243902439,0.106719136489695,TRUE,FALSE
"CS",2014,1,0.024390243902439,0.104955183820444,TRUE,FALSE
"CS",2014,2,3.90832695737904e-18,0.0723220594392977,TRUE,FALSE
"CS",2014,3,0.048780487804878,0.0811418227855535,TRUE,FALSE
"CS",2014,4,-0.926829268292683,0.0978993731434395,TRUE,FALSE
"CS",2014,5,0,0.0723220594392977,TRUE,FALSE
"CS",2014,6,0.0975609756097561,0.0899615861318093,TRUE,FALSE
"CS",2017,-16,-0.333333333333333,0.329467159667912,TRUE,TRUE
"CS",2017,-15,0,0.0723220594392977,TRUE,TRUE
"CS",2017,-14,-0.186991869918699,0.340050875683419,TRUE,TRUE
"CS",2017,-13,0.0406504065040651,0.331231112337163,TRUE,TRUE
"CS",2017,-12,0.528455284552846,0.329467159667911,TRUE,TRUE
"CS",2017,-11,-0.308943089430894,0.330349136002537,TRUE,TRUE
"CS",2017,-10,-0.024390243902439,0.0405709113927767,TRUE,TRUE
"CS",2017,-9,-0.0731707317073171,0.0599743907545395,TRUE,TRUE
"CS",2017,-8,-0.0731707317073171,0.0635022960930419,TRUE,TRUE
"CS",2017,-7,0,0.0723220594392977,TRUE,TRUE
"CS",2017,-6,0.048780487804878,0.0758499647778,TRUE,TRUE
"CS",2017,-5,-0.40650406504065,0.347106686360423,TRUE,TRUE
"CS",2017,-4,0.691056910569106,0.330349136002537,TRUE,TRUE
"CS",2017,-3,-0.357723577235772,0.332113088671788,TRUE,TRUE
"CS",2017,-2,0.048780487804878,0.0723220594392976,TRUE,TRUE
"CS",2017,-1,-0.691056910569106,0.302125893294519,TRUE,TRUE
"CS",2017,0,0.715447154471545,0.320647396321656,TRUE,FALSE
"CS",2017,1,0.739837398373984,0.318883443652405,TRUE,FALSE
"CS",2017,2,0.666666666666667,0.309377698712551,TRUE,FALSE
"CS",2017,3,0.764227642276423,0.329467159667911,TRUE,FALSE
"CS",2018,-17,-1.4689329497044e-18,0.0723220594392977,TRUE,TRUE
"CS",2018,-16,0,0.0723220594392977,TRUE,TRUE
"CS",2018,-15,-0.186991869918699,0.325057277994784,TRUE,TRUE
"CS",2018,-14,0.0406504065040651,0.33387704134104,TRUE,TRUE
"CS",2018,-13,-0.138211382113821,0.336522970344916,TRUE,TRUE
"CS",2018,-12,0.357723577235772,0.299479964290642,TRUE,TRUE
"CS",2018,-11,-0.024390243902439,0.0405709113927767,TRUE,TRUE
"CS",2018,-10,-0.0731707317073171,0.810242259409367,TRUE,TRUE
"CS",2018,-9,0.260162601626016,0.656288390331947,TRUE,TRUE
"CS",2018,-8,0,0.0723220594392977,TRUE,TRUE
"CS",2018,-7,0.048780487804878,0.0758499647778,TRUE,TRUE
"CS",2018,-6,-0.739837398373984,0.332113088671788,TRUE,TRUE
"CS",2018,-5,0.357723577235772,0.328585183333286,TRUE,TRUE
"CS",2018,-4,-0.024390243902439,0.106719136489695,TRUE,TRUE
"CS",2018,-3,0.0487804878048781,0.495964692171119,TRUE,TRUE
"CS",2018,-2,-0.024390243902439,0.0440988167312791,TRUE,TRUE
"CS",2018,-1,-0.284552845528455,0.331231112337163,TRUE,TRUE
"CS",2018,0,0.024390243902439,0.104073207485819,TRUE,FALSE
"CS",2018,1,0.284552845528455,0.325939254329409,TRUE,FALSE
"CS",2018,2,0.382113821138211,0.336522970344916,TRUE,FALSE
"CS",2019,-18,-1.46451590113832e-18,0.0723220594392977,TRUE,TRUE
"CS",2019,-17,0,0.0723220594392977,TRUE,TRUE
"CS",2019,-16,0.146341463414634,0.0564464854160372,TRUE,TRUE
"CS",2019,-15,-0.292682926829268,0.0749679884431744,TRUE,TRUE
"CS",2019,-14,0.195121951219512,0.0784958937816767,TRUE,TRUE
"CS",2019,-13,0.024390243902439,0.0458627694005303,TRUE,TRUE
"CS",2019,-12,-0.024390243902439,0.0405709113927767,TRUE,TRUE
"CS",2019,-11,0.926829268292683,0.0599743907545396,TRUE,TRUE
"CS",2019,-10,-1.07317073170732,0.0635022960930419,TRUE,TRUE
"CS",2019,-9,0,0.0723220594392977,TRUE,TRUE
"CS",2019,-8,1.04878048780488,0.0758499647778,TRUE,TRUE
"CS",2019,-7,-0.0731707317073171,0.0740860121085489,TRUE,TRUE
"CS",2019,-6,0.024390243902439,0.104073207485819,TRUE,TRUE
"CS",2019,-5,-1.02439024390244,0.106719136489695,TRUE,TRUE
"CS",2019,-4,1.04878048780488,0.0723220594392976,TRUE,TRUE
"CS",2019,-3,-0.024390243902439,0.0440988167312791,TRUE,TRUE
"CS",2019,-2,-0.951219512195122,0.0829057754548047,TRUE,TRUE
"CS",2019,-1,0.024390243902439,0.104073207485819,TRUE,TRUE
"CS",2019,0,-0.0731707317073171,0.0978993731434395,TRUE,FALSE
"CS",2019,1,0.024390243902439,0.101427278481942,TRUE,FALSE
"CS",2020,-19,-1.46451590113832e-18,0.0723220594392977,TRUE,TRUE
"CS",2020,-18,0,0.0723220594392977,TRUE,TRUE
"CS",2020,-17,0.146341463414634,0.0564464854160372,TRUE,TRUE
"CS",2020,-16,-0.292682926829268,0.0749679884431744,TRUE,TRUE
"CS",2020,-15,0.195121951219512,0.0784958937816767,TRUE,TRUE
"CS",2020,-14,0.024390243902439,0.0458627694005303,TRUE,TRUE
"CS",2020,-13,-0.024390243902439,0.0405709113927767,TRUE,TRUE
"CS",2020,-12,-0.0731707317073171,0.0599743907545396,TRUE,TRUE
"CS",2020,-11,-0.0731707317073171,0.0635022960930419,TRUE,TRUE
"CS",2020,-10,0,0.0723220594392977,TRUE,TRUE
"CS",2020,-9,0.048780487804878,0.0758499647778,TRUE,TRUE
"CS",2020,-8,-0.0731707317073171,0.0740860121085489,TRUE,TRUE
"CS",2020,-7,0.024390243902439,0.104073207485819,TRUE,TRUE
"CS",2020,-6,-0.024390243902439,0.106719136489695,TRUE,TRUE
"CS",2020,-5,0.048780487804878,0.0723220594392976,TRUE,TRUE
"CS",2020,-4,-0.024390243902439,0.0440988167312791,TRUE,TRUE
"CS",2020,-3,0.048780487804878,0.0829057754548047,TRUE,TRUE
"CS",2020,-2,0.024390243902439,0.104073207485819,TRUE,TRUE
"CS",2020,-1,-0.0731707317073171,0.0978993731434395,TRUE,TRUE
"CS",2020,0,0.0975609756097561,0.0793778701163023,TRUE,FALSE
"SA",2001,0,6.58778587236952e-14,0.0667686156514503,TRUE,FALSE
"SA",2001,1,7.06865121991029e-14,0.086197912155801,TRUE,FALSE
"SA",2001,2,0.146341463414711,0.0616899567389293,TRUE,FALSE
"SA",2001,3,-0.14634146341458,0.0987406441667324,TRUE,FALSE
"SA",2001,4,0.0487804878049486,0.0766262061051155,TRUE,FALSE
"SA",2001,5,0.0731707317073869,0.070978565240667,TRUE,FALSE
"SA",2001,6,0.0487804878049492,0.0662235566098701,TRUE,FALSE
"SA",2001,7,-0.024390243902364,0.0816636388335059,TRUE,FALSE
"SA",2001,8,-0.0975609756096953,0.0844992645897733,TRUE,FALSE
"SA",2001,9,-0.0975609756096975,0.0645607751828014,TRUE,FALSE
"SA",2001,10,-0.0487804878048161,0.0766262061051193,TRUE,FALSE
"SA",2001,11,-0.121951219512139,0.103402448848319,TRUE,FALSE
"SA",2001,12,-0.0975609756096975,0.0844992645897643,TRUE,FALSE
"SA",2001,13,-0.121951219512138,0.0878637263256217,TRUE,FALSE
"SA",2001,14,-0.0731707317072536,0.0807711132498813,TRUE,FALSE
"SA",2001,15,-0.0975609756097212,0.0844992645897663,TRUE,FALSE
"SA",2001,16,-0.0487804878048194,0.085776403946922,TRUE,FALSE
"SA",2001,17,-0.024390243902381,0.0981885020332531,TRUE,FALSE
"SA",2001,18,-0.0975609756096971,0.0928770247597087,TRUE,FALSE
"SA",2001,19,6.71511457550622e-14,0.0861979121557954,TRUE,FALSE
"SA",2002,-2,0.400000000000007,0.253791012496895,TRUE,TRUE
"SA",2002,0,0.200000000000004,0.210774606380366,TRUE,FALSE
"SA",2002,1,0.346341463414643,0.209221264266427,TRUE,FALSE
"SA",2002,2,-0.146341463414646,0.0823266833198449,TRUE,FALSE
"SA",2002,3,0.248780487804882,0.21410152292978,TRUE,FALSE
"SA",2002,4,0.073170731707314,0.0807711132498243,TRUE,FALSE
"SA",2002,5,0.648780487804893,0.256560724683738,TRUE,FALSE
"SA",2002,6,0.375609756097575,0.255215132552352,TRUE,FALSE
"SA",2002,7,-0.0975609756097627,0.0844992645897125,TRUE,FALSE
"SA",2002,8,-0.0975609756097642,0.0751938142682025,TRUE,FALSE
"SA",2002,9,0.55121951219513,0.253648160723163,TRUE,FALSE
"SA",2002,10,-0.121951219512206,0.0878637263255605,TRUE,FALSE
"SA",2002,11,0.10243902439024,0.217043802894707,TRUE,FALSE
"SA",2002,12,0.0780487804877996,0.214946284105143,TRUE,FALSE
"SA",2002,13,0.326829268292687,0.254930944986703,TRUE,FALSE
"SA",2002,14,-0.0975609756097882,0.0645607751827677,TRUE,FALSE
"SA",2002,15,0.551219512195124,0.262288843594711,TRUE,FALSE
"SA",2002,16,0.575609756097568,0.260972787676636,TRUE,FALSE
"SA",2002,17,0.302439024390244,0.256136564536171,TRUE,FALSE
"SA",2002,18,0.400000000000007,0.25379101249689,TRUE,FALSE
"SA",2003,-3,3.84397375041701e-14,0.0861979121557742,TRUE,TRUE
"SA",2003,-2,3.72939526482874e-14,0.0667686156514315,TRUE,TRUE
"SA",2003,0,0.14634146341468,0.0616899567389053,TRUE,FALSE
"SA",2003,1,-0.146341463414606,0.0909048887489241,TRUE,FALSE
"SA",2003,2,0.0487804878049189,0.0662235566098457,TRUE,FALSE
"SA",2003,3,0.0731707317073572,0.0709785652406447,TRUE,FALSE
"SA",2003,4,0.0487804878049187,0.0766262061050982,TRUE,FALSE
"SA",2003,5,-0.0243902439023931,0.0816636388334854,TRUE,FALSE
"SA",2003,6,-0.0975609756097221,0.0645607751827918,TRUE,FALSE
"SA",2003,7,-0.0975609756097245,0.0844992645897477,TRUE,FALSE
"SA",2003,8,-0.048780487804845,0.0662235566098493,TRUE,FALSE
"SA",2003,9,-0.121951219512165,0.0878637263255947,TRUE,FALSE
"SA",2003,10,-0.0975609756097247,0.0928770247596848,TRUE,FALSE
"SA",2003,11,-0.121951219512164,0.078955800241762,TRUE,FALSE
"SA",2003,12,-0.0731707317072815,0.0807711132498625,TRUE,FALSE
"SA",2003,13,-0.0975609756097476,0.0751938142682313,TRUE,FALSE
"SA",2003,14,-0.0487804878048489,0.085776403946904,TRUE,FALSE
"SA",2003,15,-0.02439024390241,0.0816636388334745,TRUE,FALSE
"SA",2003,16,-0.0975609756097248,0.0751938142682339,TRUE,FALSE
"SA",2003,17,3.81777942592976e-14,0.0667686156514316,TRUE,FALSE
"SA",2004,-4,-0.146341463414674,0.0616899567388724,TRUE,TRUE
"SA",2004,-3,-0.146341463414674,0.0616899567388716,TRUE,TRUE
"SA",2004,-2,-0.14634146341467,0.0616899567388734,TRUE,TRUE
"SA",2004,0,-0.292682926829311,0.079413518860229,TRUE,FALSE
"SA",2004,1,-0.0975609756097941,0.0517887794816449,TRUE,FALSE
"SA",2004,2,-0.0731707317073567,0.0454524443744489,TRUE,FALSE
"SA",2004,3,-0.097560975609796,0.0517887794816466,TRUE,FALSE
"SA",2004,4,-0.170731707317104,0.0656739740239869,TRUE,FALSE
"SA",2004,5,-0.24390243902443,0.0749524209830921,TRUE,FALSE
"SA",2004,6,-0.243902439024432,0.074952420983091,TRUE,FALSE
"SA",2004,7,-0.195121951219556,0.0691682490221262,TRUE,FALSE
"SA",2004,8,-0.26829268292687,0.0773324533490494,TRUE,FALSE
"SA",2004,9,-0.243902439024432,0.0749524209830919,TRUE,FALSE
"SA",2004,10,-0.268292682926871,0.0773324533490515,TRUE,FALSE
"SA",2004,11,-0.21951219512199,0.0722438799379875,TRUE,FALSE
"SA",2004,12,-0.243902439024455,0.074952420983093,TRUE,FALSE
"SA",2004,13,-0.695121951219557,0.401134396348295,TRUE,FALSE
"SA",2004,14,-0.170731707317121,0.0656739740239833,TRUE,FALSE
"SA",2004,15,-0.243902439024433,0.0749524209830927,TRUE,FALSE
"SA",2004,16,-0.646341463414671,0.39991275051362,TRUE,FALSE
"SA",2008,-8,-0.0487804878047679,0.0662235566098494,TRUE,TRUE
"SA",2008,-7,-0.0487804878047687,0.0766262061051018,TRUE,TRUE
"SA",2008,-6,0.95121951219527,0.0766262061051084,TRUE,TRUE
"SA",2008,-5,0.0975609756098749,0.0517887794816873,TRUE,TRUE
"SA",2008,-4,-0.195121951219415,0.0691682490221447,TRUE,TRUE
"SA",2008,-3,1.12871333423082e-13,0.0667686156514414,TRUE,TRUE
"SA",2008,-2,0.0243902439025512,0.0608022851833818,TRUE,TRUE
"SA",2008,0,-0.0731707317071997,0.0709785652406508,TRUE,FALSE
"SA",2008,1,0.853658536585504,0.0823266833198923,TRUE,FALSE
"SA",2008,2,-0.146341463414532,0.0823266833198853,TRUE,FALSE
"SA",2008,3,-0.0975609756096511,0.0751938142682521,TRUE,FALSE
"SA",2008,4,-0.170731707316973,0.0936542519062302,TRUE,FALSE
"SA",2008,5,-0.146341463414532,0.0727438435501517,TRUE,FALSE
"SA",2008,6,-0.170731707316973,0.0853528141780554,TRUE,FALSE
"SA",2008,7,-0.121951219512088,0.0878637263256083,TRUE,FALSE
"SA",2008,8,-0.146341463414556,0.090904888748935,TRUE,FALSE
"SA",2008,9,-0.0975609756096547,0.0844992645897571,TRUE,FALSE
"SA",2008,10,-0.0731707317072153,0.0894985404776307,TRUE,FALSE
"SA",2008,11,-0.146341463414531,0.0823266833198894,TRUE,FALSE
"SA",2008,12,-0.0487804878047679,0.0766262061051025,TRUE,FALSE
"SA",2009,-9,0.0243902439023953,0.0816636388334594,TRUE,TRUE
"SA",2009,-8,0.024390243902396,0.236986035800433,TRUE,TRUE
"SA",2009,-7,0.0243902439023987,0.240100806280205,TRUE,TRUE
"SA",2009,-6,0.0278745644598913,0.16174487753222,TRUE,TRUE
"SA",2009,-5,-0.264808362369388,0.167577901095646,TRUE,TRUE
"SA",2009,-4,-0.212543554007012,0.207214535305728,TRUE,TRUE
"SA",2009,-3,-0.0452961672474301,0.28014619668468,TRUE,TRUE
"SA",2009,-2,0.0731707317072744,0.0709785652406205,TRUE,TRUE
"SA",2009,0,-0.216027874564506,0.163970397533888,TRUE,FALSE
"SA",2009,1,-0.216027874564507,0.281694434713055,TRUE,FALSE
"SA",2009,2,-0.167247386759631,0.279303984411622,TRUE,FALSE
"SA",2009,3,-0.38327526132409,0.205104852723071,TRUE,FALSE
"SA",2009,4,-0.358885017421652,0.304025155042876,TRUE,FALSE
"SA",2009,5,-0.240418118466947,0.28278597477403,TRUE,FALSE
"SA",2009,6,-0.33449477351921,0.205634302509106,TRUE,FALSE
"SA",2009,7,-0.216027874564531,0.286921220149916,TRUE,FALSE
"SA",2009,8,0.261324041811797,0.306695758175347,TRUE,FALSE
"SA",2009,9,-5.16218145282267e-14,0.238586486031569,TRUE,FALSE
"SA",2009,10,-0.0731707317073648,0.236679961113103,TRUE,FALSE
"SA",2009,11,-0.118466898954748,0.168870614528787,TRUE,FALSE
"SA",2012,-12,0.0487804878051591,0.0766262061050968,TRUE,TRUE
"SA",2012,-11,0.0487804878051578,0.0662235566098476,TRUE,TRUE
"SA",2012,-10,1.04878048780519,0.0662235566098536,TRUE,TRUE
"SA",2012,-9,0.195121951219801,0.0691682490221656,TRUE,TRUE
"SA",2012,-8,-0.0975609756094867,0.0844992645897516,TRUE,TRUE
"SA",2012,-7,1.09756097561007,0.0844992645897605,TRUE,TRUE
"SA",2012,-6,0.121951219512478,0.0689057499764405,TRUE,TRUE
"SA",2012,-5,0.0975609756100403,0.0751938142682472,TRUE,TRUE
"SA",2012,-4,0.0243902439027284,0.0719925961160142,TRUE,TRUE
"SA",2012,-3,-0.0487804878046021,0.0662235566098467,TRUE,TRUE
"SA",2012,-2,-0.0487804878046044,0.0857764039469077,TRUE,TRUE
"SA",2012,0,-0.0731707317070452,0.0807711132498629,TRUE,FALSE
"SA",2012,1,-0.0487804878046038,0.0857764039469066,TRUE,FALSE
"SA",2012,2,-0.0731707317070439,0.059598160303963,TRUE,FALSE
"SA",2012,3,-0.0243902439021607,0.0719925961160062,TRUE,FALSE
"SA",2012,4,0.951219512195401,0.0766262061050914,TRUE,FALSE
"SA",2012,5,1.0000000000003,0.0770977564395447,TRUE,FALSE
"SA",2012,6,0.0243902439027101,0.098188502033239,TRUE,FALSE
"SA",2012,7,-0.0487804878046042,0.0766262061050944,TRUE,FALSE
"SA",2012,8,0.0487804878051592,0.0766262061050982,TRUE,FALSE
"SA",2013,-13,0.121951219512192,0.103402448848261,TRUE,TRUE
"SA",2013,-12,0.455284552845527,0.316604312286541,TRUE,TRUE
"SA",2013,-11,0.121951219512195,0.0878637263255649,TRUE,TRUE
"SA",2013,-10,0.601626016260164,0.313844809572506,TRUE,TRUE
"SA",2013,-9,0.30894308943089,0.319623588125381,TRUE,TRUE
"SA",2013,-8,0.83739837398374,0.318259917449131,TRUE,TRUE
"SA",2013,-7,0.528455284552844,0.316661546215212,TRUE,TRUE
"SA",2013,-6,0.170731707317071,0.0936542519061875,TRUE,TRUE
"SA",2013,-5,0.0975609756097619,0.0751938142682076,TRUE,TRUE
"SA",2013,-4,0.0243902439024365,0.098188502033197,TRUE,TRUE
"SA",2013,-3,0.0243902439024354,0.0981885020331968,TRUE,TRUE
"SA",2013,-2,0.406504065040645,0.31470975340818,TRUE,TRUE
"SA",2013,0,0.357723577235768,0.319623588125381,TRUE,FALSE
"SA",2013,1,-2.86194852647775e-15,0.0861979121557389,TRUE,FALSE
"SA",2013,2,0.382113821138211,0.31367153459738,TRUE,FALSE
"SA",2013,3,0.0243902439024112,0.0981885020331989,TRUE,FALSE
"SA",2013,4,0.406504065040642,0.317061894434257,TRUE,FALSE
"SA",2013,5,0.0975609756097476,0.0928770247596527,TRUE,FALSE
"SA",2013,6,0.357723577235767,0.319623588125381,TRUE,FALSE
"SA",2013,7,0.788617886178862,0.316604312286542,TRUE,FALSE
"SA",2014,-14,0.0975609756098731,0.084499264589776,TRUE,TRUE
"SA",2014,-13,0.0975609756098722,0.0844992645897771,TRUE,TRUE
"SA",2014,-12,0.0975609756098759,0.0928770247597192,TRUE,TRUE
"SA",2014,-11,0.243902439024516,0.0749524209831565,TRUE,TRUE
"SA",2014,-10,-0.0487804878047739,0.0857764039469247,TRUE,TRUE
"SA",2014,-9,0.146341463414753,0.0823266833199091,TRUE,TRUE
"SA",2014,-8,0.170731707317192,0.0853528141780763,TRUE,TRUE
"SA",2014,-7,0.146341463414754,0.0727438435501846,TRUE,TRUE
"SA",2014,-6,0.0731707317074415,0.070978565240667,TRUE,TRUE
"SA",2014,-5,1.10246214076097e-13,0.0944250817951566,TRUE,TRUE
"SA",2014,-4,1.08750987968799e-13,0.0944250817951506,TRUE,TRUE
"SA",2014,-3,0.0487804878049889,0.0857764039469382,TRUE,TRUE
"SA",2014,-2,-0.0243902439023327,0.0981885020332556,TRUE,TRUE
"SA",2014,0,-0.0243902439023307,0.105484586284155,TRUE,FALSE
"SA",2014,1,0.0243902439025529,0.0981885020332596,TRUE,FALSE
"SA",2014,2,8.58115937932504e-14,0.109032692785366,TRUE,FALSE
"SA",2014,3,0.048780487804986,0.0940404566453696,TRUE,FALSE
"SA",2014,4,-0.926829268292607,0.0974474461421735,TRUE,FALSE
"SA",2014,5,1.08956463643062e-13,0.0944250817951542,TRUE,FALSE
"SA",2014,6,0.0975609756098729,0.0928770247597146,TRUE,FALSE
"SA",2017,-17,1.09756097561015,0.0844992645897452,TRUE,TRUE
"SA",2017,-16,0.764227642276806,0.310944287368169,TRUE,TRUE
"SA",2017,-15,0.764227642276808,0.313324697173556,TRUE,TRUE
"SA",2017,-14,0.577235772358109,0.313266853602318,TRUE,TRUE
"SA",2017,-13,0.617886178862168,0.318373779763283,TRUE,TRUE
"SA",2017,-12,1.14634146341503,0.0909048887489198,TRUE,TRUE
"SA",2017,-11,0.837398373984126,0.315916696365998,TRUE,TRUE
"SA",2017,-10,0.813008130081686,0.317461737778191,TRUE,TRUE
"SA",2017,-9,0.739837398374375,0.319396714000509,TRUE,TRUE
"SA",2017,-8,0.666666666667049,0.318487601370463,TRUE,TRUE
"SA",2017,-7,0.666666666667047,0.320812045033713,TRUE,TRUE
"SA",2017,-6,0.715447154471925,0.313671534597507,TRUE,TRUE
"SA",2017,-5,0.308943089431271,0.319623588125461,TRUE,TRUE
"SA",2017,-4,1.00000000000039,0.10903269278533,TRUE,TRUE
"SA",2017,-3,0.642276422764609,0.312571895809935,TRUE,TRUE
"SA",2017,-2,0.69105691056949,0.312571895809935,TRUE,TRUE
"SA",2017,0,0.71544715447192,0.323007578339526,TRUE,FALSE
"SA",2017,1,0.739837398374361,0.319396714000507,TRUE,FALSE
"SA",2017,2,0.666666666667048,0.318487601370464,TRUE,FALSE
"SA",2017,3,0.76422764227681,0.313324697173557,TRUE,FALSE
"SA",2018,-18,0.382113821138371,0.316031402915456,TRUE,TRUE
"SA",2018,-17,0.38211382113837,0.318373779763212,TRUE,TRUE
"SA",2018,-16,0.382113821138374,0.316031402915457,TRUE,TRUE
"SA",2018,-15,0.195121951219675,0.069168249022149,TRUE,TRUE
"SA",2018,-14,0.235772357723733,0.320359819413831,TRUE,TRUE
"SA",2018,-13,0.0975609756099161,0.0928770247596785,TRUE,TRUE
"SA",2018,-12,0.455284552845689,0.314248746292594,TRUE,TRUE
"SA",2018,-11,0.430894308943249,0.315687158229248,TRUE,TRUE
"SA",2018,-10,0.35772357723594,0.314940003908867,TRUE,TRUE
"SA",2018,-9,0.617886178861949,0.316031402915454,TRUE,TRUE
"SA",2018,-8,0.617886178861949,0.313671534597431,TRUE,TRUE
"SA",2018,-7,0.666666666666825,0.313787061879007,TRUE,TRUE
"SA",2018,-6,-0.0731707317071612,0.089498540477614,TRUE,TRUE
"SA",2018,-5,0.284552845528613,0.318373779763162,TRUE,TRUE
"SA",2018,-4,0.260162601626174,0.319396714000387,TRUE,TRUE
"SA",2018,-3,0.308943089431055,0.321939829934387,TRUE,TRUE
"SA",2018,-2,0.284552845528588,0.323007578339455,TRUE,TRUE
"SA",2018,0,0.0243902439025899,0.0981885020332228,TRUE,FALSE
"SA",2018,1,0.284552845528611,0.316031402915408,TRUE,FALSE
"SA",2018,2,0.382113821138372,0.318373779763121,TRUE,FALSE
"SA",2019,-19,0.0243902439027791,0.0981885020332547,TRUE,TRUE
"SA",2019,-18,0.0243902439027793,0.0903048499225333,TRUE,TRUE
"SA",2019,-17,0.0243902439027837,0.0816636388335032,TRUE,TRUE
"SA",2019,-16,0.170731707317422,0.0656739740240404,TRUE,TRUE
"SA",2019,-15,-0.121951219511865,0.103402448848314,TRUE,TRUE
"SA",2019,-14,0.0731707317076606,0.0807711132498841,TRUE,TRUE
"SA",2019,-13,0.0975609756100992,0.0844992645897771,TRUE,TRUE
"SA",2019,-12,0.0731707317076577,0.0894985404776489,TRUE,TRUE
"SA",2019,-11,1.00000000000038,0.077097756439568,TRUE,TRUE
"SA",2019,-10,-0.0731707317069803,0.0894985404776438,TRUE,TRUE
"SA",2019,-9,-0.0731707317069826,0.104795137156425,TRUE,TRUE
"SA",2019,-8,0.975609756097928,0.0981885020332595,TRUE,TRUE
"SA",2019,-7,0.902439024390602,0.092877024759701,TRUE,TRUE
"SA",2019,-6,0.926829268293043,0.0974474461421667,TRUE,TRUE
"SA",2019,-5,-0.0975609756094223,0.100559225037877,TRUE,TRUE
"SA",2019,-4,0.951219512195486,0.085776403946923,TRUE,TRUE
"SA",2019,-3,0.92682926829302,0.0974474461421684,TRUE,TRUE
"SA",2019,-2,-0.0243902439021049,0.0981885020332504,TRUE,TRUE
"SA",2019,0,-0.073170731706984,0.0974474461421707,TRUE,FALSE
"SA",2019,1,0.024390243902778,0.0903048499225337,TRUE,FALSE
"SA",2020,-20,0.0975609756098854,0.0928770247596979,TRUE,TRUE
"SA",2020,-19,0.0975609756098838,0.0751938142682461,TRUE,TRUE
"SA",2020,-18,0.097560975609888,0.0751938142682505,TRUE,TRUE
"SA",2020,-17,0.243902439024526,0.074952420983138,TRUE,TRUE
"SA",2020,-16,-0.04878048780476,0.0857764039469102,TRUE,TRUE
"SA",2020,-15,0.146341463414765,0.0909048887489388,TRUE,TRUE
"SA",2020,-14,0.170731707317204,0.0761517358706364,TRUE,TRUE
"SA",2020,-13,0.146341463414766,0.0823266833198959,TRUE,TRUE
"SA",2020,-12,0.0731707317074534,0.0709785652406515,TRUE,TRUE
"SA",2020,-11,1.24120332067879e-13,0.0861979121557818,TRUE,TRUE
"SA",2020,-10,1.21878418815613e-13,0.0770977564395486,TRUE,TRUE
"SA",2020,-9,0.0487804878050015,0.0766262061051068,TRUE,TRUE
"SA",2020,-8,-0.0243902439023189,0.0981885020332404,TRUE,TRUE
"SA",2020,-7,1.21665264668502e-13,0.094425081795135,TRUE,TRUE
"SA",2020,-6,-0.024390243902318,0.0816636388334894,TRUE,TRUE
"SA",2020,-5,0.0243902439025653,0.0981885020332435,TRUE,TRUE
"SA",2020,-4,9.85544111598013e-14,0.0944250817951364,TRUE,TRUE
"SA",2020,-3,0.0487804878049978,0.0857764039469118,TRUE,TRUE
"SA",2020,-2,0.0731707317074366,0.0974474461421586,TRUE,TRUE
"SA",2020,0,0.0975609756098842,0.0844992645897615,TRUE,FALSE
"stacked",2002,-2,NA,NA,FALSE,TRUE
"stacked",2002,0,NA,NA,FALSE,FALSE
"stacked",2002,1,NA,NA,FALSE,FALSE
"stacked",2002,2,NA,NA,FALSE,FALSE
"stacked",2002,3,NA,NA,FALSE,FALSE
"stacked",2002,4,NA,NA,FALSE,FALSE
"stacked",2004,-4,0.0283400809716547,0.365626472256526,TRUE,TRUE
"stacked",2004,-3,0.0148448043184834,0.365626472256526,TRUE,TRUE
"stacked",2004,-2,-4.82947015711943e-15,0.365626472256526,TRUE,TRUE
"stacked",2004,0,-0.00944669365722553,0.365626472256526,TRUE,FALSE
"stacked",2004,1,-0.0418353576248364,0.365626472256526,TRUE,FALSE
"stacked",2004,2,-0.0539811066126907,0.365626472256526,TRUE,FALSE
"stacked",2004,3,-0.0566801619433252,0.365626472256526,TRUE,FALSE
"stacked",2004,4,-0.0364372469635682,0.365626472256526,TRUE,FALSE
"stacked",2008,-4,0.0472334682858365,0.539120957092738,TRUE,TRUE
"stacked",2008,-3,0.0148448043182308,0.539120957092738,TRUE,TRUE
"stacked",2008,-2,0.00269905533037751,0.539120957092738,TRUE,TRUE
"stacked",2008,0,0.0202429149794982,0.539120957092738,TRUE,FALSE
"stacked",2008,1,0.983805668015801,0.539120957092738,TRUE,FALSE
"stacked",2008,2,0.00809716599164395,0.539120957092738,TRUE,FALSE
"stacked",2008,3,-0.00944669365747292,0.539120957092738,TRUE,FALSE
"stacked",2008,4,-0.00674763832684189,0.539120957092738,TRUE,FALSE
"stacked",2009,-4,-0.29111239637561,0.205511989264156,TRUE,TRUE
"stacked",2009,-3,-0.160401002506317,0.205511989264156,TRUE,TRUE
"stacked",2009,-2,-0.0202429149797999,0.205511989264156,TRUE,TRUE
"stacked",2009,0,-0.186437246963612,0.200357633481276,TRUE,FALSE
"stacked",2009,1,-0.162145748987907,0.200357633481276,TRUE,FALSE
"stacked",2009,2,-0.179689608637029,0.200357633481276,TRUE,FALSE
"stacked",2009,3,-0.30199055330639,0.200357633481276,TRUE,FALSE
"stacked",2009,4,-0.334379217273996,0.200357633481276,TRUE,FALSE
"stacked",2012,-4,0.0296896086367663,0.551458115145422,TRUE,TRUE
"stacked",2012,-3,-0.00674763832679109,0.551458115145422,TRUE,TRUE
"stacked",2012,-2,0.0175438596489123,0.551458115145422,TRUE,TRUE
"stacked",2012,0,0.00269905533042741,0.551458115145422,TRUE,FALSE
"stacked",2012,1,-0.0296896086371798,0.551458115145422,TRUE,FALSE
"stacked",2012,2,-0.020242914979962,0.551458115145422,TRUE,FALSE
"stacked",2012,3,-0.0310391363024968,0.551458115145422,TRUE,FALSE
"stacked",2012,4,0.951417004048243,0.551458115145422,TRUE,FALSE
"stacked",2013,-4,-0.00944669365721817,0.323081690675038,TRUE,TRUE
"stacked",2013,-3,0.0148448043184903,0.323081690675038,TRUE,TRUE
"stacked",2013,-2,0.330634278002701,0.323081690675038,TRUE,TRUE
"stacked",2013,0,0.300944669365724,0.323081690675038,TRUE,FALSE
"stacked",2013,1,-0.0229419703103898,0.323081690675038,TRUE,FALSE
"stacked",2013,2,0.299595141700407,0.323081690675038,TRUE,FALSE
"stacked",2013,3,-0.0512820512820498,0.323081690675038,TRUE,FALSE
"stacked",2013,4,0.26045883940621,0.323081690675038,TRUE,FALSE
"stacked",2014,-4,0.0472334682863111,0.561173708229485,TRUE,TRUE
"stacked",2014,-3,0.0296896086371926,0.561173708229485,TRUE,TRUE
"stacked",2014,-2,0.0323886639678261,0.561173708229485,TRUE,TRUE
"stacked",2014,0,0.00944669365743922,0.561173708229485,TRUE,FALSE
"stacked",2014,1,-0.00134952766509699,0.561173708229485,TRUE,FALSE
"stacked",2014,2,-0.018893387314218,0.561173708229485,TRUE,FALSE
"stacked",2014,3,-0.0404858299592883,0.561173708229485,TRUE,FALSE
"stacked",2014,4,-1.04318488528979,0.561173708229485,TRUE,FALSE
"stacked",2016,0,-0.0337381916329445,0.567129480770316,TRUE,FALSE
"stacked",2016,1,-0.0553306342780197,0.567129480770316,TRUE,FALSE
"stacked",2016,2,-0.0580296896086541,0.567129480770316,TRUE,FALSE
"stacked",2016,3,-0.0661268556005573,0.567129480770316,TRUE,FALSE
"stacked",2017,-4,1.01889338731398,0.329394710087019,TRUE,TRUE
"stacked",2017,-3,0.695006747637896,0.329394710087019,TRUE,TRUE
"stacked",2017,-2,0.684210526315359,0.329394710087019,TRUE,TRUE
"stacked",2017,0,0.645074224021165,0.329394710087019,TRUE,FALSE
"stacked",2017,1,0.642375168690531,0.329394710087019,TRUE,FALSE
"stacked",2017,2,0.634278002698628,0.329394710087019,TRUE,FALSE
"stacked",2017,3,0.700404858299162,0.329394710087019,TRUE,FALSE
"stacked",2018,-4,0.383265856950086,0.329282228753727,TRUE,TRUE
"stacked",2018,-3,0.37246963562755,0.329282228753727,TRUE,TRUE
"stacked",2018,-2,0.354925775978427,0.329282228753727,TRUE,TRUE
"stacked",2018,0,-0.00269905533063167,0.329282228753727,TRUE,FALSE
"stacked",2018,1,0.322537112010813,0.329282228753727,TRUE,FALSE
"stacked",2018,2,0.388663967611356,0.329282228753727,TRUE,FALSE
"stacked",2019,-4,1.04183535762472,0.572780340313704,TRUE,TRUE
"stacked",2019,-3,1.02429149797559,0.572780340313704,TRUE,TRUE
"stacked",2019,-2,0.0026990553306398,0.572780340313704,TRUE,TRUE
"stacked",2019,0,-0.00809716599188992,0.572780340313705,TRUE,FALSE
"stacked",2019,1,0.0580296896086335,0.572780340313704,TRUE,FALSE
"stacked",2020,-4,0.0323886639676203,0.572656517895402,TRUE,TRUE
"stacked",2020,-3,0.0107962213225449,0.572656517895402,TRUE,TRUE
"stacked",2020,-2,0.00809716599191063,0.572656517895402,TRUE,TRUE
"stacked",2020,0,0.0661268556005499,0.572656517895402,TRUE,FALSE
"spec","atom_id","group","time","estimate","se","weight"
"R2h","stack2002",2002,NA,0.00657894736842106,0.143046530573582,0.0646005218787651
"R2h","stack2004",2004,NA,-0.0383759733036707,0.147635075946067,0.0606473153394004
"R2h","stack2008",2008,NA,-0.142589118198874,0.156552556352657,0.053934959525974
"R2h","stack2009",2009,NA,-0.133178474641889,0.0620743111788252,0.343057458907998
"R2h","stack2012",2012,NA,0.0121951219512195,0.153626082302109,0.0560093810462038
"R2h","stack2013",2013,NA,0.0172764227642277,0.0925126729896224,0.154450111369835
"R2h","stack2014",2014,NA,-0.186411149825784,0.161273791209849,0.0508233272456293
"R2h","stack2017",2017,NA,0.0127929220468675,0.114409856952924,0.100986611280276
"R2h","stack2018",2018,NA,-0.318066157760814,0.124405026172078,0.0854112013625868
"R2h","stack2019",2019,NA,-0.328626444159178,0.258991216151467,0.0197070044421828
"R2h","stack2020",2020,NA,0.0390243902439024,0.356994754979496,0.0103721076011488
"R3h","stack2004",2004,NA,-0.0365853658536589,0.236003075430575,0.0769903762029746
"R3h","stack2008",2008,NA,0.115853658536585,0.236003075430574,0.0769903762029746
"R3h","stack2009",2009,NA,-0.222125435540072,0.0953596428673371,0.47156605424322
"R3h","stack2012",2012,NA,-0.164634146341465,0.236003075430575,0.0769903762029746
"R3h","stack2013",2013,NA,0.12032520325203,0.139462911692551,0.220472440944882
"R3h","stack2014",2014,NA,-0.181707317073171,0.236003075430575,0.0769903762029746
"R6_ATTg","g2001",2001,NA,-0.0390243902439024,0.0556527067148742,NA
"R6_ATTg","g2002",2002,NA,0.222079589216945,0.0813460699367299,NA
"R6_ATTg","g2003",2003,NA,-0.043360433604336,0.0493416760537756,NA
"R6_ATTg","g2004",2004,NA,-0.259684361549498,0.0572506403093723,NA
"R6_ATTg","g2008",2008,NA,-0.0450281425891182,0.054953910080517,NA
"R6_ATTg","g2009",2009,NA,-0.171893147502904,0.17926768985166,NA
"R6_ATTg","g2012",2012,NA,0.195121951219512,0.0440988167312791,NA
"R6_ATTg","g2013",2013,NA,0.301829268292683,0.126931094158198,NA
"R6_ATTg","g2014",2014,NA,-0.111498257839721,0.0774879208278189,NA
"R6_ATTg","g2017",2017,NA,0.721544715447155,0.325498266162097,NA
"R6_ATTg","g2018",2018,NA,0.230352303523035,0.12393400790998,NA
"R6_ATTg","g2019",2019,NA,-0.024390243902439,0.0758499647778,NA
"R6_ATTg","g2020",2020,NA,0.0975609756097561,0.0723220594392977,NA
"R6_ATTe","e-19",NA,-19,-1.46451590113832e-18,0.0723220594392977,NA
"R6_ATTe","e-18",NA,-18,-7.32257950569159e-19,0.0361610297196488,NA
"R6_ATTe","e-17",NA,-17,0.0292682926829268,0.040994260033397,NA
"R6_ATTe","e-16",NA,-16,-0.143292682926829,0.158948672555804,NA
"R6_ATTe","e-15",NA,-15,-0.0823170731707317,0.144203130711283,NA
"R6_ATTe","e-14",NA,-14,-0.0274390243902439,0.161470573637624,NA
"R6_ATTe","e-13",NA,-13,-0.032520325203252,0.133766410751547,NA
"R6_ATTe","e-12",NA,-12,0.296747967479675,0.136657333181708,NA
"R6_ATTe","e-11",NA,-11,-0.0769230769230769,0.126456618723742,NA
"R6_ATTe","e-10",NA,-10,0.0600375234521576,0.167231063116817,NA
"R6_ATTe","e-9",NA,-9,-0.0712945590994371,0.177809560337445,NA
"R6_ATTe","e-8",NA,-8,0.103658536585366,0.109596584281411,NA
"R6_ATTe","e-7",NA,-7,0.016260162601626,0.133836408873342,NA
"R6_ATTe","e-6",NA,-6,-0.150987224157956,0.129734518936115,NA
"R6_ATTe","e-5",NA,-5,-0.206736353077816,0.105625165843346,NA
"R6_ATTe","e-4",NA,-4,0.133565621370499,0.0980033703529645,NA
"R6_ATTe","e-3",NA,-3,0.0190880169671262,0.119673684920774,NA
"R6_ATTe","e-2",NA,-2,0.0447154471544715,0.0876831472673599,NA
"R6_ATTe","e-1",NA,-1,-0.219512195121951,0.0852475746881208,NA
"R6_ATTe","e0",NA,0,0.0731707317073171,0.0834055620444258,NA
"R6_ATTe","e1",NA,1,0.131202691337258,0.10528658039802,NA
"R6_ATTe","e2",NA,2,0.0792682926829268,0.10153752552377,NA
"R6_ATTe","e3",NA,3,0.0234146341463415,0.100061273534874,NA
"R6_ATTe","e4",NA,4,-0.0598669623059867,0.123403796241414,NA
"R6_ATTe","e5",NA,5,0.10310421286031,0.133460877627361,NA
"R6_ATTe","e6",NA,6,0.00110864745011089,0.0986610799778889,NA
"R6_ATTe","e7",NA,7,-0.0150987224157956,0.120100777430693,NA
"R6_ATTe","e8",NA,8,0.0311653116531165,0.122221776075167,NA
"R6_ATTe","e9",NA,9,0.114777618364419,0.122915151741799,NA
"R6_ATTe","e10",NA,10,-0.110473457675753,0.0934162477608617,NA
"R6_ATTe","e11",NA,11,-0.0674318507890961,0.0943348459502123,NA
"R6_ATTe","e12",NA,12,-0.0317073170731707,0.130197346517428,NA
"R6_ATTe","e13",NA,13,0.00271002710027095,0.212262304533223,NA
"R6_ATTe","e14",NA,14,-0.105691056910569,0.0393949429466093,NA
"R6_ATTe","e15",NA,15,0.238482384823848,0.178409657319014,NA
"R6_ATTe","e16",NA,16,0.159891598915989,0.217815488862347,NA
"R6_ATTe","e17",NA,17,0.212543554006969,0.175945278999287,NA
"R6_ATTe","e18",NA,18,0.317073170731707,0.222405032381417,NA
"R6_ATTe","e19",NA,19,0,0.0723220594392977,NA
