"dropped","n_treated","est","se","delta","flips"
"(none-full)",NA,0.0447650208209399,0.065229275668997,0,""
"2001",1,0.0502058916693063,0.0668808314725282,0.00544087084836638,""
"2002",5,-0.027530618653826,0.0807151554224362,-0.0722956394747659,"YES"
"2003",1,0.0498819826907946,0.0701308117212692,0.00511696186985473,""
"2004",2,0.0799734527957525,0.0706575938965054,0.0352084319748125,""
"2008",1,0.0484707704219899,0.0650386193145387,0.00370574960105001,""
"2009",7,0.119352259096361,0.068629924229026,0.0745872382754215,""
"2012",1,0.040522975762673,0.066898209631149,-0.00424204505826694,""
"2013",3,0.0244704749679076,0.0720630953222609,-0.0202945458530323,""
"2014",1,0.0481726312590229,0.0637293360312795,0.00340761043808295,""
"2017",3,0.0190645260882989,0.0670096040832391,-0.0257004947326411,""
"2018",3,0.039529015979815,0.0667723108267272,-0.00523600484112494,""
"2019",1,0.0451892862486907,0.0630001282657977,0.000424265427750779,""
"2020",1,0.0446035653017081,0.0636467558142085,-0.000161455519231864,""
