"base","cohort","n_pre","n_treated","p_analytical","p_bootstrap","reject_anal","reject_boot","agree"
"varying",2001,0,1,NA,NA,0,0,NA
"varying",2002,1,5,0.078166359321569,0.0795573498829542,0,0,TRUE
"varying",2003,2,1,1,1,0,0,TRUE
"varying",2004,3,2,0.00275304179195146,0.00222862500782612,1,1,TRUE
"varying",2008,7,1,2.44502647388129e-102,5.27946810435062e-101,1,1,TRUE
"varying",2009,8,7,0.000119984645749198,8.29428407466266e-05,1,1,TRUE
"varying",2012,11,1,1.10367839964253e-243,2.71715795404903e-239,1,1,TRUE
"varying",2013,12,3,2.28917228242752e-06,1.30654804990653e-06,1,1,TRUE
"varying",2014,13,1,1.08114260572918e-06,5.03679723075432e-07,1,1,TRUE
"varying",2017,16,3,1.27974301278259e-100,6.7622790490198e-108,1,1,TRUE
"varying",2018,17,3,1.1089413734135e-53,9.33975008855446e-54,1,1,TRUE
"varying",2019,18,1,0,0,1,1,TRUE
"varying",2020,19,1,2.12076419260523e-09,9.09881825827158e-10,1,1,TRUE
"universal",2001,0,1,NA,NA,0,0,NA
"universal",2002,1,5,0.078166359321569,0.0795573498829542,0,0,TRUE
"universal",2003,2,1,1,1,0,0,TRUE
"universal",2004,3,2,0.00275304179195146,0.00222862500782612,1,1,TRUE
"universal",2008,7,1,2.44502647388177e-102,5.27946810435003e-101,1,1,TRUE
"universal",2009,8,7,0.000119984645749189,8.29428407466274e-05,1,1,TRUE
"universal",2012,11,1,1.10367839964315e-243,2.71715795404811e-239,1,1,TRUE
"universal",2013,12,3,2.28917228242782e-06,1.30654804990666e-06,1,1,TRUE
"universal",2014,13,1,1.08114260572906e-06,5.03679723075431e-07,1,1,TRUE
"universal",2017,16,3,1.27974301270853e-100,6.7622790489471e-108,1,1,TRUE
"universal",2018,17,3,1.1089413734076e-53,9.33975008857514e-54,1,1,TRUE
"universal",2019,18,1,0,0,1,1,TRUE
"universal",2020,19,1,2.12076419260283e-09,9.09881825827261e-10,1,1,TRUE
