"draw","atom_channel"
1,-0.0754754947523286
2,-0.138899438328667
3,0.0057521834602927
4,-0.0526801980783793
5,0.0219151797991925
6,-0.151686335336953
7,-0.0549581739664248
8,-0.0544963521980996
9,-0.0760066899621586
10,-0.0042085290368156
11,-0.0500429819310611
12,-0.066380111840909
13,-0.0725363098174756
14,-0.0461298329861389
15,-0.0882676079514438
16,-0.0310240256535673
17,-0.0717327313622394
18,-0.153533517082188
19,0.0159167908591396
20,-0.105049779342635
21,-0.0417516427988351
22,-0.078902602461026
23,-0.138211586267217
24,-0.073114047590997
25,-0.0995483129085126
26,-0.103134407571361
27,-0.0556309468590825
28,-0.10456794883253
29,0.014083512666551
30,-0.123223714504442
31,-0.0566492754777042
32,-0.0460731766950898
33,-0.0300396320036968
34,-0.0555404215690276
35,-0.114399511651929
36,-0.0692821046118147
37,-0.08867095233174
38,0.00382794323884725
39,-0.130716811237205
40,-0.106561871867041
41,-0.0180840148037562
42,-0.0807318776672382
43,-0.08915525491796
44,-0.131548352317041
45,-0.15971167398145
46,-0.137811627213165
47,-0.0768141503980772
48,-0.129078907028979
49,-0.0559026093375342
50,-0.0070496641283484
51,-0.105248215743483
52,-0.109270265747444
53,-0.0207844603235425
54,-0.0420131146998519
55,-0.129304374659862
56,-0.000241983440255889
57,-0.123068485560756
58,-0.0956816193973163
59,-0.0864579232083862
60,-0.123590024633483
61,-0.170033871991591
62,-0.218394235788965
63,-0.0651317574128213
64,-0.104705619750941
65,-0.155615644314929
66,-0.104268366464526
67,-0.226376560687513
68,-0.0769953981831968
69,-0.0816528470385181
70,-0.0717483851470405
71,-0.079271362701356
72,-0.00566057940663002
73,-0.00630940142155894
74,-0.0358785928866307
75,-0.192998029367843
76,-0.0919198810740242
77,-0.0524868012385416
78,-0.223128323683253
79,-0.133746603497064
80,-0.00687941168770803
81,0.0201382881084914
82,-0.0248539302689884
83,-0.0339372573630454
84,-0.0715144276365513
85,-0.0762672586460557
86,-0.142500679668199
87,-0.127605080256426
88,-0.0872170817451811
89,-0.168056645285582
90,-0.061915125691655
91,-0.0510214232182803
92,-0.102794237044595
93,-0.17293396946142
94,-0.194039482499142
95,-0.0539473436765457
96,-0.0916568367313281
97,-0.054271516663989
98,-0.135373068621841
99,-0.0235738946626012
100,-0.185074652443231
101,-0.0679289690947648
102,-0.0475845810519915
103,-0.0717773543005348
104,-0.132086172251394
105,-0.0542406613450643
106,0.0093254077286958
107,-0.111741718980537
108,-0.0342340178646087
109,-0.0497981464436533
110,-0.0498768838846592
111,0.0411299508719867
112,-0.0282884524238103
113,-0.0673049604539296
114,-0.0120837861773473
115,-0.108914878462294
116,-0.0963872485715377
117,-0.0936060147134571
118,-0.0505076591985488
119,-0.0903886300206641
120,-0.153194267630816
121,-0.0562230020975423
122,-0.141431937995949
123,-0.020177478487106
124,-0.112589050484724
125,-0.00232760247818557
126,-0.015678412215367
127,-0.0526955012384582
128,-0.00330621242444552
129,-0.0657133801029403
130,-0.0204930202599387
131,-0.031375459206072
132,-0.0679776544449146
133,-0.171674236594283
134,-0.0491931478440714
135,-0.0365486904429659
136,-0.028458825083124
137,-0.0668989327993221
138,-0.0906763073875001
139,-0.110417812916524
140,-0.0605086779464923
141,-0.0484283281868892
142,-0.10982546403643
143,-0.122738725198205
144,-0.048265542169945
145,-0.0589046613400125
146,-0.0871594266977569
147,-0.137532247525359
148,-0.106005294900288
149,-0.0747896637139749
150,-0.153712939414407
151,-0.150197047694755
152,-0.0658901449494128
153,-0.0261863795711821
154,-0.116649576209223
155,-0.115543189149642
156,-0.126939868499463
157,-0.105098977401516
158,-0.116630698992829
159,-0.0223530962513994
160,-0.14406599913734
161,-0.018639245465816
162,-0.116342191123318
163,-0.0275223857957114
164,-0.0622604328949931
165,-0.109948457698484
166,-0.0525912597338563
167,-0.0720936761781006
168,-0.0594148119305413
169,-0.0190078224688722
170,-0.0590093019719503
171,-0.102642560068943
172,-0.00747673878830999
173,-0.138608831898894
174,-0.175520964574029
175,-0.0119288117167735
176,-0.113106921460337
177,-0.142629019132872
178,-0.00335341856254285
179,-0.127446012299923
180,-0.166704347388731
181,-0.0625157361656474
182,-0.0653335308988793
183,-0.0795279521661744
184,-0.0199895767569475
185,-0.0389422734201743
186,-0.201420371577868
187,-0.10535107413419
188,-0.0634461009578637
189,-0.0618922608754842
190,-0.105540036815502
191,-0.0533525023647852
192,-0.188507186786079
193,0.0061191224696794
194,-0.12559024388928
195,-0.0517588861931135
196,-0.113365697648347
197,-0.0391282444205016
198,-0.0583125099570265
199,-0.0743731790500043
200,-0.00766186822219393
201,0.0198693722334418
202,-0.105647430784198
203,-0.136671052695385
204,-0.083290948822071
205,-0.149479950110286
206,-0.0210664576157702
207,-0.0719148428826238
208,-0.0922054787099159
209,-0.110397867605126
210,-0.0699240809426946
211,-0.0326171993267939
212,-0.110722170964658
213,-0.0645187145686399
214,-0.0773339338548949
215,-0.114483903307243
216,-0.0266758717417669
217,-0.0582776226658167
218,-0.0548091290267544
219,-0.174992093887486
220,0.0941306944392066
221,-0.143622758907038
222,-0.0834860436445449
223,-0.12903626728741
224,-0.0499055006770067
225,-0.0713555352990225
226,-0.0428153873890155
227,-0.0965657688347183
228,-0.0899577587386417
229,-0.0429686026959665
230,0.0150740476739448
231,-0.139373913350767
232,-0.0880590060667153
233,-0.0730291970391839
234,-0.183745188881346
235,-0.147239656879601
236,-0.059646113843928
237,-0.0512852075666135
238,-0.026297593602487
239,-0.06008273388854
240,-0.0618551092637719
241,-0.133336060365728
242,-0.0424460890861992
243,-0.158653409558283
244,-0.0765811318151156
245,-0.117578005364057
246,-0.0895574526635906
247,-0.100282368516269
248,-0.0105010787085981
249,-0.0595855952633598
250,-0.152121151892164
251,-0.0988239263054798
252,-0.0384414852303356
253,-0.0849404292146466
254,-0.0774765637371317
255,-0.0128307951095663
256,-0.138826542022151
257,-0.0200391216412872
258,-0.0129724140346905
259,-0.185136287532364
260,-0.154984588101997
261,-0.0923280911188321
262,-0.0498456608846235
263,-0.124303639449099
264,-0.0652999941326374
265,-0.0435598683011178
266,-0.137557243446214
267,-0.0375324242991549
268,-0.0833368705895567
269,-0.120340127677567
270,-0.112885609908443
271,-0.0421658494124765
272,-0.0634928827351539
273,-0.0194045715034441
274,-0.0965641860659027
275,-0.0953320490624545
276,-0.182647828711548
277,-0.0943174032791964
278,-0.0589805297111694
279,-0.123459615023267
280,-0.0216898215126697
281,-0.0804077040739181
282,-0.0435923775673456
283,-0.0979219539886074
284,0.0345298414849999
285,-0.169367341831494
286,-0.0208467920650474
287,-0.129849832019765
288,-0.0698852341560958
289,-0.134848634193836
290,-0.0965322650420009
291,-0.128995798585601
292,-0.137850482653137
293,-0.109556710726731
294,-0.0885298634356789
295,-0.0199046297687756
296,-0.108921626677066
297,-0.138931166939418
298,-0.116664748177017
299,-0.0661192306384023
300,-0.0360332813848328
301,-0.0313066671830168
302,-0.11726923787106
303,-0.124403761275134
304,-0.0809420531886218
305,-0.0956859143424765
306,-0.0330328774624288
307,-0.0464143825688001
308,-0.0478728974799087
309,-0.111016682318939
310,0.000161976295052221
311,-0.0796487037606561
312,-0.124590188956314
313,-0.0181847075537309
314,-0.0678762831605052
315,-0.0984718388351639
316,-0.106839118267659
317,-0.073950826939458
318,-0.000843724133303604
319,-0.026939463297782
320,-0.110026493341417
321,-0.155654418660746
322,-0.0495052646121682
323,-0.0146347483492559
324,-0.0603599841640337
325,-0.0895333914730481
326,-0.10692984113953
327,-0.134939600300521
328,-0.0949914937162646
329,-0.0874797342766027
330,-0.00630760206629098
331,-0.0938817553804602
332,-0.0819257710561151
333,-0.0342232919113923
334,-0.125683171291646
335,-0.0149061937331552
336,-0.0254504121262969
337,-0.0691974271060703
338,-0.10350462533403
339,-0.118716733358288
340,-0.0291339451421432
341,-0.140604709711509
342,-0.0820266941818072
343,-0.123605681119433
344,-0.0489456226982105
345,-0.159189201056196
346,-0.166065034657257
347,-0.0595973317731892
348,-0.102048153340453
349,-0.0854236620566788
350,-0.0753238689188063
351,-0.0384255881140337
352,-0.0256299415843454
353,-0.045186537131461
354,-0.0301944862179629
355,-0.110746855981303
356,-0.0444330065341671
357,-0.0654042435439336
358,-0.0569390417449783
359,-0.158872627072223
360,-0.0459979857592449
361,-0.120909209469246
362,0.00963835502049835
363,-0.0565316879505803
364,-0.00788380210190894
365,-0.13420233120421
366,-0.107688651912824
367,-0.0813890505103329
368,-0.149210138364419
369,-0.044783529106546
370,-0.0240176657614889
371,-0.177393914043839
372,-0.10539468854274
373,0.0309412255360126
374,-0.0950830794274034
375,-0.0887846237816467
376,-0.0359866722292222
377,0.0212096860101918
378,-0.129069100303219
379,-0.028133966181198
380,-0.0629319985520261
381,-0.123196099081128
382,-0.0611058971907756
383,-0.0796983500476186
384,0.0334827211959148
385,-0.0404972919053988
386,-0.205873740728075
387,-0.0410743213156412
388,-0.0613600578581949
389,-0.155919950669302
390,-0.1236859825057
391,-0.0964509797438281
392,-0.0860974903896174
393,-0.0987718246597952
394,-0.0895335159657454
395,-0.152363737789287
396,-0.146718126670295
397,-0.131309105062852
398,-0.0770571532873158
399,-0.0161730752537897
400,-0.11024943425668
401,-0.109761563531805
402,-0.050671158665955
403,-0.0784811858363552
404,-0.102536671888501
405,-0.170626691321892
406,-0.0947787769076012
407,-0.00488480298700233
408,-0.0950046471452543
409,-0.064799436054288
410,-0.0731892460200613
411,-0.0680529304836623
412,-0.0106807663922315
413,-0.0966279898434185
414,-0.055126965990174
415,-0.0200896446873002
416,-0.0131122769247282
417,-0.0211121109862308
418,0.00878828486552465
419,-0.087080201587364
420,-0.141118379621735
421,-0.186629849836867
422,-0.0486577789303677
423,-0.111082377387578
424,0.00877112903270322
425,-0.125791620158267
426,-0.060653199926291
427,-0.0562742263369419
428,-0.169900633821312
429,-0.0578446223447414
430,-0.045047644681977
431,-0.094431950016642
432,-0.164048095299826
433,-0.0366630317199612
434,0.0135547057408302
435,-0.189318286796616
436,-0.100453518580943
437,-0.0527896814544083
438,-0.0793617504687972
439,-0.153119734074265
440,-0.0567987375677761
441,-0.0664727132407756
442,-0.0427454927511593
443,-0.0784218549520079
444,-0.131587198289716
445,0.0379079474954453
446,-0.127193523232212
447,-0.121943567037713
448,-0.0449941843407948
449,-0.0786930810010941
450,-0.0988480461392817
451,-0.155136764011631
452,-0.0712593444178578
453,-0.0152813172537013
454,-0.0474661349546283
455,-0.101988960961563
456,-0.00214841739709083
457,-0.0433460488749434
458,-0.0766715451534913
459,-0.0664278138454682
460,-0.0733279787669786
461,0.0607769648519542
462,-0.0298693486183338
463,-0.046686438630715
464,-0.020758037847842
465,-0.104854794259072
466,-0.0329452353006777
467,-0.0830708076543154
468,-0.0624984827409849
469,0.0364710435505898
470,0.00842026925433458
471,-0.0756084970642681
472,-0.175235093148974
473,-0.0937187640266239
474,-0.154091824043817
475,-0.0847607383543274
476,-0.0530230851648128
477,-0.193579817076885
478,-0.0375799952363257
479,-0.0765535773430231
480,-0.0944532970606674
481,-0.0495372329445927
482,-0.112729035162996
483,-0.0543969334141942
484,-0.0771261806121152
485,-0.0524233035419677
486,0.0198252821455664
487,-0.155593011129832
488,-0.129234546632998
489,-0.0970385753143091
490,-0.112176758299173
491,-0.101315643099256
492,-0.0676780038769927
493,-0.12203196669625
494,-0.0738613927554128
495,-0.144762247905955
496,-0.0747079659659786
497,0.00553993487516777
498,-0.0262615175798413
499,-0.00764435229014522
500,-0.112990846532537
