"cohort","n_treated","A_CS","se_A_CS","A_ST","se_A_ST","diff","se_diff","p_diff","eff_draws","distinguishable"
2002,5,0.2221,0.0803,0.0066,0.0867,0.2155,0.0932,0.061,297,""
2004,2,-0.2597,0.0561,-0.0328,0.0549,-0.2269,0.1053,0,444,"YES"
2008,1,-0.045,0.0514,-0.1244,0.0075,0.0793,0.0511,0.088,319,""
2009,7,-0.1719,0.174,-0.1181,0.0912,-0.0538,0.0982,0.664,500,""
2012,1,0.1951,0.0434,0.0226,0.0075,0.1725,0.0445,0,328,"YES"
2013,3,0.3018,0.1356,-0.0104,0.0395,0.3122,0.1085,0.004,474,"YES"
2014,1,-0.1115,0.0723,-0.2215,0.0081,0.11,0.0725,0.094,318,""
2017,3,0.7215,0.323,-0.0592,0.0985,0.7807,0.2344,0,469,"YES"
2018,3,0.2304,0.1236,-0.2917,0.1899,0.5221,0.1222,0,472,"YES"
2019,1,-0.0244,0.0761,-0.3732,0.0114,0.3488,0.0762,0,276,"YES"
2020,1,0.0976,0.0759,-0.0198,0.0152,0.1174,0.0756,0.11,308,""
