"cohort","A_CS","A_stacked","wCS_raw","wStacked_raw","WCS_restr","WStacked_restr","n_post_CS"
"2002",0.222079589216945,0.00657894736842106,0.289634146341464,0.059945362960024,0.327586206896552,0.059945362960024,19
"2004",-0.259684361549498,-0.032807699542291,0.103658536585366,0.0565132521072387,0.117241379310345,0.0565132521072387,17
"2008",-0.0450281425891181,-0.124377141077545,0.0396341463414634,0.0511999646575676,0.0448275862068966,0.0511999646575676,13
"2009",-0.171893147502904,-0.118142578668894,0.256097560975609,0.369198922441792,0.289655172413793,0.369198922441792,12
"2012",0.195121951219512,0.0226420752736543,0.0274390243902439,0.0531691940674741,0.0310344827586207,0.0531691940674741,9
"2013",0.301829268292683,-0.0104199107235544,0.073170731707317,0.153186991031916,0.0827586206896552,0.153186991031916,8
"2014",-0.111498257839721,-0.221515326778488,0.0213414634146342,0.0482461205427079,0.0241379310344828,0.0482461205427079,7
"2017",0.721544715447155,-0.0591609113280938,0.0365853658536585,0.100160724905484,0.0413793103448276,0.100160724905484,4
"2018",0.230352303523035,-0.291722695353351,0.0274390243902439,0.079825640842153,0.0310344827586207,0.0798256408421529,3
"2019",-0.024390243902439,-0.373215427232052,0.00609756097560976,0.0187076793941112,0.00689655172413794,0.0187076793941112,2
"2020",0.0975609756097561,-0.019838056680162,0.00304878048780488,0.00984614704953223,0.00344827586206897,0.00984614704953222,1
