"cohort","simple","group","dynamic","calendar"
2001,0.060976,0.033333,0.120675,0.120675
2002,0.289634,0.166667,0.353377,0.353377
2003,0.054878,0.033333,0.062342,0.062342
2004,0.103659,0.066667,0.110398,0.110398
2008,0.039634,0.033333,0.032977,0.032977
2009,0.256098,0.233333,0.195839,0.195839
2012,0.027439,0.033333,0.019153,0.019153
2013,0.073171,0.1,0.049127,0.049127
2014,0.021341,0.033333,0.013995,0.013995
2017,0.036585,0.1,0.02153,0.02153
2018,0.027439,0.1,0.01553,0.01553
2019,0.006098,0.033333,0.003391,0.003391
2020,0.003049,0.033333,0.001667,0.001667
