"year","any.fatalities","grp","cohort","gg"
2000,0.4,"treated (n=6)","Cohort 2002 (adopts 2002)",2002
2001,0,"treated (n=6)","Cohort 2002 (adopts 2002)",2002
2002,0.2,"treated (n=6)","Cohort 2002 (adopts 2002)",2002
2003,0.2,"treated (n=6)","Cohort 2002 (adopts 2002)",2002
2004,0,"treated (n=6)","Cohort 2002 (adopts 2002)",2002
2005,0.2,"treated (n=6)","Cohort 2002 (adopts 2002)",2002
2006,0,"treated (n=6)","Cohort 2002 (adopts 2002)",2002
2007,0.6,"treated (n=6)","Cohort 2002 (adopts 2002)",2002
2008,0.4,"treated (n=6)","Cohort 2002 (adopts 2002)",2002
2009,0,"treated (n=6)","Cohort 2002 (adopts 2002)",2002
2010,0,"treated (n=6)","Cohort 2002 (adopts 2002)",2002
2011,0.6,"treated (n=6)","Cohort 2002 (adopts 2002)",2002
2012,0,"treated (n=6)","Cohort 2002 (adopts 2002)",2002
2013,0.2,"treated (n=6)","Cohort 2002 (adopts 2002)",2002
2014,0.2,"treated (n=6)","Cohort 2002 (adopts 2002)",2002
2015,0.4,"treated (n=6)","Cohort 2002 (adopts 2002)",2002
2016,0,"treated (n=6)","Cohort 2002 (adopts 2002)",2002
2017,0.6,"treated (n=6)","Cohort 2002 (adopts 2002)",2002
2018,0.6,"treated (n=6)","Cohort 2002 (adopts 2002)",2002
2019,0.4,"treated (n=6)","Cohort 2002 (adopts 2002)",2002
2020,0.4,"treated (n=6)","Cohort 2002 (adopts 2002)",2002
2000,0.219512195121951,"never-treated (n=41)","Cohort 2002 (adopts 2002)",2002
2001,0.219512195121951,"never-treated (n=41)","Cohort 2002 (adopts 2002)",2002
2002,0.219512195121951,"never-treated (n=41)","Cohort 2002 (adopts 2002)",2002
2003,0.0731707317073171,"never-treated (n=41)","Cohort 2002 (adopts 2002)",2002
2004,0.365853658536585,"never-treated (n=41)","Cohort 2002 (adopts 2002)",2002
2005,0.170731707317073,"never-treated (n=41)","Cohort 2002 (adopts 2002)",2002
2006,0.146341463414634,"never-treated (n=41)","Cohort 2002 (adopts 2002)",2002
2007,0.170731707317073,"never-treated (n=41)","Cohort 2002 (adopts 2002)",2002
2008,0.24390243902439,"never-treated (n=41)","Cohort 2002 (adopts 2002)",2002
2009,0.317073170731707,"never-treated (n=41)","Cohort 2002 (adopts 2002)",2002
2010,0.317073170731707,"never-treated (n=41)","Cohort 2002 (adopts 2002)",2002
2011,0.268292682926829,"never-treated (n=41)","Cohort 2002 (adopts 2002)",2002
2012,0.341463414634146,"never-treated (n=41)","Cohort 2002 (adopts 2002)",2002
2013,0.317073170731707,"never-treated (n=41)","Cohort 2002 (adopts 2002)",2002
2014,0.341463414634146,"never-treated (n=41)","Cohort 2002 (adopts 2002)",2002
2015,0.292682926829268,"never-treated (n=41)","Cohort 2002 (adopts 2002)",2002
2016,0.317073170731707,"never-treated (n=41)","Cohort 2002 (adopts 2002)",2002
2017,0.268292682926829,"never-treated (n=41)","Cohort 2002 (adopts 2002)",2002
2018,0.24390243902439,"never-treated (n=41)","Cohort 2002 (adopts 2002)",2002
2019,0.317073170731707,"never-treated (n=41)","Cohort 2002 (adopts 2002)",2002
2020,0.219512195121951,"never-treated (n=41)","Cohort 2002 (adopts 2002)",2002
2000,0.571428571428571,"treated (n=8)","Cohort 2009 (adopts 2009)",2009
2001,0.571428571428571,"treated (n=8)","Cohort 2009 (adopts 2009)",2009
2002,0.571428571428571,"treated (n=8)","Cohort 2009 (adopts 2009)",2009
2003,0.428571428571429,"treated (n=8)","Cohort 2009 (adopts 2009)",2009
2004,0.428571428571429,"treated (n=8)","Cohort 2009 (adopts 2009)",2009
2005,0.285714285714286,"treated (n=8)","Cohort 2009 (adopts 2009)",2009
2006,0.428571428571429,"treated (n=8)","Cohort 2009 (adopts 2009)",2009
2007,0.571428571428571,"treated (n=8)","Cohort 2009 (adopts 2009)",2009
2008,0.571428571428571,"treated (n=8)","Cohort 2009 (adopts 2009)",2009
2009,0.428571428571429,"treated (n=8)","Cohort 2009 (adopts 2009)",2009
2010,0.428571428571429,"treated (n=8)","Cohort 2009 (adopts 2009)",2009
2011,0.428571428571429,"treated (n=8)","Cohort 2009 (adopts 2009)",2009
2012,0.285714285714286,"treated (n=8)","Cohort 2009 (adopts 2009)",2009
2013,0.285714285714286,"treated (n=8)","Cohort 2009 (adopts 2009)",2009
2014,0.428571428571429,"treated (n=8)","Cohort 2009 (adopts 2009)",2009
2015,0.285714285714286,"treated (n=8)","Cohort 2009 (adopts 2009)",2009
2016,0.428571428571429,"treated (n=8)","Cohort 2009 (adopts 2009)",2009
2017,0.857142857142857,"treated (n=8)","Cohort 2009 (adopts 2009)",2009
2018,0.571428571428571,"treated (n=8)","Cohort 2009 (adopts 2009)",2009
2019,0.571428571428571,"treated (n=8)","Cohort 2009 (adopts 2009)",2009
2020,0.428571428571429,"treated (n=8)","Cohort 2009 (adopts 2009)",2009
2000,0.219512195121951,"never-treated (n=41)","Cohort 2009 (adopts 2009)",2009
2001,0.219512195121951,"never-treated (n=41)","Cohort 2009 (adopts 2009)",2009
2002,0.219512195121951,"never-treated (n=41)","Cohort 2009 (adopts 2009)",2009
2003,0.0731707317073171,"never-treated (n=41)","Cohort 2009 (adopts 2009)",2009
2004,0.365853658536585,"never-treated (n=41)","Cohort 2009 (adopts 2009)",2009
2005,0.170731707317073,"never-treated (n=41)","Cohort 2009 (adopts 2009)",2009
2006,0.146341463414634,"never-treated (n=41)","Cohort 2009 (adopts 2009)",2009
2007,0.170731707317073,"never-treated (n=41)","Cohort 2009 (adopts 2009)",2009
2008,0.24390243902439,"never-treated (n=41)","Cohort 2009 (adopts 2009)",2009
2009,0.317073170731707,"never-treated (n=41)","Cohort 2009 (adopts 2009)",2009
2010,0.317073170731707,"never-treated (n=41)","Cohort 2009 (adopts 2009)",2009
2011,0.268292682926829,"never-treated (n=41)","Cohort 2009 (adopts 2009)",2009
2012,0.341463414634146,"never-treated (n=41)","Cohort 2009 (adopts 2009)",2009
2013,0.317073170731707,"never-treated (n=41)","Cohort 2009 (adopts 2009)",2009
2014,0.341463414634146,"never-treated (n=41)","Cohort 2009 (adopts 2009)",2009
2015,0.292682926829268,"never-treated (n=41)","Cohort 2009 (adopts 2009)",2009
2016,0.317073170731707,"never-treated (n=41)","Cohort 2009 (adopts 2009)",2009
2017,0.268292682926829,"never-treated (n=41)","Cohort 2009 (adopts 2009)",2009
2018,0.24390243902439,"never-treated (n=41)","Cohort 2009 (adopts 2009)",2009
2019,0.317073170731707,"never-treated (n=41)","Cohort 2009 (adopts 2009)",2009
2020,0.219512195121951,"never-treated (n=41)","Cohort 2009 (adopts 2009)",2009
