"2002","2004","2008","2009","2012","2013","2014","2017","2018","2019","2020"
0.137274219923294,0.588311538637204,3.04135368039395e-104,0.163682997918132,5.56755238741323e-89,0.0129837254054265,3.57647319863878e-233,1.70873504103599e-40,2.29230172334836e-30,0,0
0.79609122212361,0.901762149170269,1.92060491754911e-134,0.0764305698688575,7.27778769378565e-242,0.0127994929190594,5.36277726347577e-208,9.9812132008715e-30,3.33202321476306e-152,0,1.2465468741522e-51
0.13140900850295,0.538531477260572,1.01509611175593e-155,0.050029500610109,0.490467519633226,4.06759786798513e-147,0.415945674852391,1.63617013301411e-86,9.93554038298709e-31,3.10460168573777e-311,0
0.360876247320729,0.676444081147851,1.2252402985858e-89,0.106076540973247,8.26047401117984e-72,2.19750946488965e-70,4.19676994279825e-57,6.40016992447359e-34,6.80684942482379e-46,4.89997992924737e-176,0
0.762769331864272,0.228176174604235,2.1958170945825e-183,0.184529874495932,3.84141664099498e-144,0.214764343567863,1.23730152081224e-144,3.44359023621406e-108,9.31911129399396e-78,0,2.50149783231705e-289
0.475327538939705,0.316114397417071,1.1836048492004e-183,2.82588875175659e-05,2.5183265878651e-194,0.270867644474761,1.16085487460305e-43,9.77068092720777e-29,4.95100432514419e-44,0,1.72454437579488e-08
0.360876247320729,0.175243398470588,3.55988130474026e-71,0.0305836480008386,0,0.0288589824614612,2.62812085276227e-178,0.0103720972536734,2.01678652662535e-161,1.62166130348309e-279,1.04276008191633e-147
0.597866499794004,0.346540293065904,0.0404440049806111,2.08905373845393e-05,2.67861743343983e-291,2.50556766806334e-71,0,1.79377479975512e-36,0.0633670082469456,0.0170069483999755,0
0.0994233296219493,0.281524929475017,0.350845457937605,0.109841148425611,4.79200473706392e-221,0.0528774496692596,1.74350589421678e-167,5.02738627820161e-135,5.58561526786166e-77,0,3.01997272747734e-07
0.3045760234155,0.482718478725684,6.93709698087771e-159,0.793373148888046,0.430232685817994,3.11263734585545e-97,8.84901716494679e-311,2.34267710263154e-99,0.00478306348176475,3.20179154474369e-248,0
0.252970120262971,0.156993553734796,6.58090282102893e-201,0.0327437462859356,1.32559838448354e-317,0.0549250582768011,0,0.00997236841208134,1.35057890429991e-40,3.67841313497694e-214,0
0.506338726845004,0.100561388640504,4.49637454870115e-39,0.0565269074419736,2.05961039815021e-96,8.17984060072576e-78,0.00031028490159318,0.000242532089058084,0.000103282134296342,2.00427129569043e-126,0
0.738541105415969,0.693747684697072,7.31160150033504e-127,0.0701711477012729,0,0.126703581372661,0,2.39593948166608e-84,1.86572274860311e-47,0,0.0171286788963633
0.0781663593215689,0.32978893577732,7.25961449484477e-219,2.67307897090149e-05,3.19878774342617e-254,0.13805406624091,7.88686572104218e-58,0.0482598161774689,1.33859109959374e-25,5.83001664771576e-179,0
0.278248003761159,0.0940962836764484,2.25403544058963e-134,0.133092704299671,3.88487684486881e-218,9.44514885555022e-59,5.60073565209212e-271,0.0568073328699861,1.3873490307635e-41,1.92825688789794e-208,0.116677881571382
0.525061004897383,0.14098439947294,0.00974293598047468,0.00862340025825511,0,4.57478049152086e-27,3.93210869783052e-300,4.0608429387647e-104,7.78184560388999e-133,0,1.18737899759765e-14
0.3045760234155,2.79385028218504e-36,0.297534101080662,0.490518286770265,0.479176872734875,4.94998829565682e-65,0,1.73449333575841e-45,0.0103245903228036,0,0.0659030912552351
0.514552558600984,1.51134855246316e-11,0.0217959749139798,0.0294193412718052,1.08979787770349e-124,5.17607295722293e-62,1.37389638387255e-276,1.78031806206475e-11,3.42454159624453e-206,5.16762942931782e-279,0
0.355680773480942,0.87131618511908,7.25082452911345e-163,0.0868442611074649,3.62954439298337e-160,1.29569149758834e-29,0.520638103081671,1.4366054231414e-21,2.40039660234936e-29,3.60749987305538e-309,1.46760771387308e-217
0.125478546398632,0.0228345878358378,6.68375114034986e-32,0.0479116902046453,0.000273492051811831,0.0240140401532228,3.83679061919755e-39,0.000399837788901577,1.53295795017301e-44,0.000253014656060986,0.000423840323065873
0.70964744169446,1.04552553090671e-31,0.209996763501724,0.0191129440155206,5.72087542824577e-265,0.0063434968739195,1.6768695903947e-58,4.63166442314025e-06,7.06596520454506e-59,0,0
0.252970120262971,0.362868874082329,1.89554777112013e-106,0.648694591064936,4.97877908376351e-142,0.176089571950532,1.81143827127695e-136,4.68977003490625e-61,5.31007881143117e-46,0,7.94577114232325e-295
0.517559333331885,0.731770942929984,2.33728009910505e-45,0.00647563430090497,3.51517716540967e-165,1.29620173456768e-23,4.82458777095702e-182,1.56918026176368e-52,8.99299538408263e-60,1.32273921542209e-252,0
0.347622075529669,0.173303364902683,1.09658719236217e-171,0.0118541177624027,0,2.64893432569444e-27,1.2566964934692e-271,6.92663841394343e-68,5.51211811691437e-81,7.89781149481867e-09,0
0.208229161179955,0.0114041884599955,2.2268137268514e-53,0.191613896553273,6.21292560513176e-09,1.47696218859416e-08,3.42098431142014e-309,9.03264793118165e-09,8.42004603888322e-47,7.49291189482327e-80,1.23144483324242e-238
0.249279319897233,0.346761739025769,4.40220515370915e-166,0.214582773007122,0.00120011913985404,1.56281355062742e-37,3.61940123431028e-295,3.11573624674e-159,1.86632099944683e-95,0,7.53285836929109e-159
0.932515617306098,0.939881187222605,5.87147117050896e-86,0.0160458055149427,8.77019964939739e-154,3.47643826896628e-89,0.778230674747007,8.39306082018781e-81,7.11616265381906e-177,0.0583757777282712,0
0.802089034854114,0.462645619935715,1.10718501901978e-89,0.0243319232844714,0.393974202554403,0.352162219893163,9.59700315732386e-202,2.68213898183977e-72,1.18623600510338e-90,0,1.04064436510911e-241
1,0.560078804177503,0.239083054945678,0.0035997850405679,2.66113751061569e-67,0.208816198417363,4.05247217899591e-47,3.61693429728036e-73,0.000158589837303738,9.18955346778419e-190,0
0.311335923960133,0.255161691401297,8.24323540037162e-89,4.82790375355203e-06,1.37326821389363e-271,1.6276094889365e-144,6.05658582875962e-40,5.50465064472197e-44,0.000569643313254039,0,0
0.0532116446034153,0.578927396769101,2.98299901017638e-95,0.347043780391307,0.68127716601397,3.06811699323941e-35,0,0.000170428045276274,4.24115633976931e-05,0,4.96067550213467e-06
0.429908462202066,0.720532733863743,7.93842455743444e-187,0.105085148443476,0,0.00705742538469944,2.91775334930931e-279,4.43882783907872e-108,1.6427866795701e-131,1.35986345516732e-178,0
0.762769331864271,0.515540623321827,0.649361627039567,0.0938107143106432,3.48134661399367e-73,0.0137716870433897,1.11716492572978e-115,2.80114731777437e-21,1.13183126135613e-18,0,0
0.0337192079626039,1.19212064411892e-14,4.51771631301938e-59,0.00533113101644949,2.62685237406621e-257,0.177344941185281,1.24654396178727e-203,1.9262575697858e-24,0.00109264885958148,0,0
0.378236927151658,0.00497042164343298,0.00179910625515138,0.00268500459610667,2.35933873131225e-304,5.09198780417043e-15,5.18018161345679e-181,1.03298663903754e-21,3.17186046886194e-05,0,0
0.800722218792819,0.0973868077845546,2.12700798079455e-177,6.9327675832766e-05,0.000671155805453943,4.64458932449433e-08,5.89883996086698e-05,3.09653211130344e-119,4.37825360249638e-86,0,1.23515915510553e-203
0.738541105415969,0.574037017509074,1.00642468933611e-80,0.0220441757620182,5.32101011022601e-187,0.079542220808986,1.18227956112946e-104,0.0224566679567441,0.00199131898738291,3.64320120638413e-217,0
0.120862886539953,8.62542195500742e-28,0.027680445049805,0.294508217623605,7.41902329649482e-301,0.0227229620953854,2.1330559499364e-159,0.000999392252328022,1.86991744360227e-126,0,0
0.194079427497205,0.211461690751007,7.02510804229906e-83,0.202377993715918,0.240251720303799,0.149058292820262,5.41930238546508e-140,1.41660776788943e-81,0,7.24053203980347e-320,0
0.738541105415969,0.0716078536749767,8.02580149728995e-70,0.137742221837655,0.00519601205549349,1.98893946634896e-140,0.000106204693706269,3.87457930125416e-33,1.16918884263563e-05,0,1.03662077951821e-234
0.196932997061009,0.282527518589805,3.32213454128789e-79,0.460859121383734,1.7100088732667e-223,4.83116073508163e-21,4.82120210157402e-183,0.0544359155923533,6.12825668947127e-74,3.80344290463785e-162,0
0.525061004897383,0.930440534569281,3.02415495714701e-213,0.0201116951171166,0,0.0091431988740128,0,0.563939640806837,0.00854092190246837,0,0
0.865953603199585,0.251005697334073,0.124463891835713,0.187040598100491,0,4.34462359868376e-16,9.12275721718589e-174,7.76497462826589e-07,1.48364141665065e-43,0,2.9047296789479e-283
0.143350460935604,0.136887965937607,9.72525360314061e-214,0.621047283849589,4.90409421548436e-132,1.71439997977577e-75,2.50045550958958e-211,8.40185545747424e-206,9.61325056286229e-71,2.19198424189252e-244,0
0.120862886539954,0.0632019151879047,0.067303414427136,0.0241137390598464,1.89176459491702e-215,0.0381532891866608,1.45626380134799e-209,0.0255590793268905,0.0065746734616004,0,3.54110400635487e-05
0.517559333331885,1.77929718862624e-31,6.45534030502756e-60,0.0565721689098061,8.96189144359026e-129,4.90739728178353e-34,2.39074892088903e-132,2.00624699802894e-138,0.000107526584263553,0.000741713539217182,0
0.272459779629042,0.281583352262431,2.7436240296356e-93,0.282432895809921,2.18738186235097e-70,4.52754975357267e-16,0,1.0362338156574e-168,3.53533540120033e-76,5.34198011036328e-294,0
0.125478546398632,0.437123816418895,1.14433904517373e-76,0.299270953225859,0.019221201945405,0.0144922450653305,0.00134115192766847,0.00160094881937209,2.52155721690325e-65,1.47451329129937e-247,1.13735676846626e-54
1,2.36093690119654e-42,1.36772546118853e-141,0.113656566803107,1.88188603861924e-148,1.38605989809944e-42,7.3567093450914e-171,0.169787019978995,2.33903051208199e-70,0.42622835657316,3.76704735085244e-166
0.0265450343160738,0.245780962091588,4.34494084746022e-82,0.461445335076223,0.0748479856476478,1.24113821116008e-10,1.6403334547453e-304,4.18242167298078e-73,3.0579860898094e-68,0,1.71608430083713e-188
0.156810771081758,0.304975686698489,2.14090024288353e-86,0.837104915781969,1.95336621970471e-47,1.47857101700927e-58,0.000318016366315581,4.34074015397051e-206,7.32104317431351e-50,0,0
0.738541105415969,0.447271960705651,3.89344073659091e-71,0.0151386942339494,3.31525039788902e-251,1.07127981271833e-41,0,3.35848427136199e-59,4.84610814614098e-78,0.0717705615165825,0
0.510276127401795,0.531881292667131,3.98409477664085e-139,0.0746481436632892,0.850877184992794,1.44621646600861e-67,4.72764792172739e-132,1.80888237842779e-36,0.141614497439351,3.00132893275495e-259,0.0228597755930313
0.156810771081756,0.412133195656048,2.52778430176262e-174,0.297966064610097,1.61154766725665e-196,0.0744970652669212,0,1.4766041131699e-185,8.11226589109451e-90,0,0
1,0.968067117687638,0.495787794382226,0.425881523470341,1.70197903595099e-100,0.0659510630709399,1.14521920208227e-196,2.32735994058377e-39,0.30204898108298,6.17337143397115e-77,0
0.317015065746937,0.26570893155202,7.68598953004738e-84,0.000309312542751028,0,0.0703637738469167,4.54535725061063e-258,4.91763717560443e-44,0.00476243934615287,0,0
1,0.0193634823583435,2.60993697333322e-233,0.00673829823051417,0.000482010526710579,0.000565249877547685,0,5.18662689444611e-108,0.000616336575154057,0,0
0.0661275108036955,0.104368690623602,4.96615467863862e-82,0.361241780893325,1.3553403957129e-39,0.00551455013243089,1.01643922767337e-235,1.99049470315966e-22,4.96512005927255e-93,0,2.30763175804852e-101
0.790998541452945,0.324484703803617,3.02603571108458e-145,0.0125454412536402,3.01652714095923e-43,0.0388341580293774,0.0208612723882771,0.00523742139112864,4.54268510915145e-30,0,0
0.562109099327384,0.334956354932267,4.48438331595747e-236,0.410988664551824,1.76676137221884e-229,1.78757162635491e-17,0,1.1129533185961e-28,5.19148556579106e-104,0,0
0.230099026815171,0.516889702828494,5.78613187109237e-80,0.0291464443627081,0.847615052260469,2.57133043730323e-129,0.888930271309852,0,1.59641108350954e-141,0,0
0.476800314515133,3.04187333792601e-22,2.71334052266656e-155,0.206972933355571,3.27072602198072e-195,0.0981719907552535,0,2.2128442648439e-102,1.60239355409542e-59,2.5322460384681e-239,0.0180712396220172
0.230099026815171,0.0504876018206258,4.43407706217205e-93,4.58466240404516e-05,0,7.00548441685584e-63,1.58962101780603e-169,3.76065834369892e-46,4.14701692435527e-99,0,0
0.156810771081756,0.771534448317488,1.35925186989054e-213,0.193334431578376,0,4.54606737115713e-10,3.71136246098386e-168,6.86283473661409e-05,3.8238274354866e-05,0,1.0445762184977e-260
0.120862886539954,0.129221851217144,5.4357406508984e-82,0.0543493849593872,0.00827194721889453,0.00918882436491446,0,4.71921555652833e-113,6.61767954831413e-148,0,0
0.252970120262971,0.242238954282513,2.4506450536464e-118,0.568074710426243,8.17402942042976e-264,1.48034488987403e-22,0,5.53722167749745e-20,1.06598160944545e-30,0.000619861675651507,3.30514842722898e-252
0.882214158722122,2.77713773432003e-22,7.25449398397524e-225,0.0623427253376107,1.25684852742761e-05,2.95708159618898e-61,0,6.66749698579858e-61,2.10373046575847e-05,0,7.32726261500668e-91
0.684886303671571,0.324090092134354,7.85883030787867e-123,0.0752560728697116,1.40176637175765e-231,0.100113630043167,2.90744227029108e-96,1.12169782274156e-88,2.35815274736648e-89,0,0
0.422285466363951,0.316496072825893,1.99150475607994e-226,0.48596715795514,1.38458531184268e-258,5.96135228817493e-05,3.59006131908618e-296,4.99230599454839e-22,2.35384709579999e-86,1.11223810517636e-205,7.1876192766737e-300
0.766411022554634,2.68683465714162e-26,8.67849055905931e-73,0.101790783482857,0.371067699103971,0.266432122497706,0,1.65621118728936e-48,9.26440206206475e-80,0,0
0.370973779240099,0.121286196581738,3.57062930210251e-269,6.77193150214368e-05,0,7.13116897225494e-23,1.58813301110808e-317,2.91559242478349e-140,4.794522153732e-88,0,0
0.181936042514165,0.323494073706014,0.029203446500905,0.274127505391252,0,1.38060941262087e-74,6.24189162910312e-71,0.000727030865274949,2.43761082142713e-39,7.61538276168052e-05,4.51524164287242e-05
0.296877754332991,3.02369503950711e-18,7.2628376919154e-102,0.268678581784923,3.60623424020435e-173,0.00176663096073695,5.42143099567677e-51,1.83030046776385e-27,0.000699632608837208,0,8.17867203127145e-07
0.194079427497205,0.0121571309872982,9.84044900776412e-147,0.443891146887902,0.003636437678856,2.60664127587143e-53,6.03118849317616e-215,3.50269619288748e-105,0.000302821497377324,0,0
0.735398315849939,0.000613947743886683,0.000687915287657242,0.00491550878768774,2.68932454988602e-60,1.47596609307779e-06,0,2.35955558778607e-34,1.74601082670382e-115,0,0
0.113438684160362,0.379975676890635,4.82365351695774e-87,0.0249515808523829,5.62206204838106e-238,2.54610059584414e-102,3.97187764858716e-153,0.100173221080916,0.00208160931869505,1.08251836326859e-100,0
0.608944881153695,0.380992019142246,5.70154161635781e-106,0.356482267735072,7.40118753805208e-118,3.44091197118934e-52,0.126224134614934,8.6302704250285e-19,2.83015121221348e-33,0,0
0.0505949545789016,2.79346620048072e-33,1.06936788364018e-114,0.991533921196691,6.87425354376091e-256,1.69769692226365e-42,5.745905247673e-251,0.762030541201698,8.13274971466515e-149,0,1.40994189737977e-98
0.252970120262971,0.839779063368404,3.53393131035764e-206,0.0721686698455056,3.90503846795075e-205,5.42350602593474e-38,0,4.8882524267201e-43,6.18858288660747e-23,0,4.82366994861303e-237
0.510276127401795,0.299259799956249,6.97084120767831e-46,0.224335013728147,0.000804519083673502,0.00649396537713063,4.97644854101421e-95,2.93583348108643e-25,5.28425523948226e-21,4.10407435997399e-124,3.7710234208595e-272
0.556321947125453,0.462998465859515,6.36935347424004e-85,0.291489530516088,4.08024807414189e-209,9.18302887714447e-67,0.960208102593287,2.12860401710328e-38,1.10788298121828e-42,0,3.20061318819241e-243
0.9334608934845,0.154683178597119,0.645453328554933,0.0566125243672784,0.041367752178864,0.0387325528446947,0.0345644751662407,0.0634065951853322,1.86857325364179e-29,4.62286106826171e-57,0
0.653930662798296,0.514395712788598,0.755980815755502,0.18961966619723,3.12781664179038e-94,0.167982319262292,0,0.000165845894931704,3.15069214963866e-06,0,3.51632142278244e-176
0.781311261152735,0.656998762344728,3.03788766782933e-95,0.0245198073154684,0.0310777715134027,2.37375033395227e-16,0,4.99431538985218e-79,0.0731935295537917,0.00434084403521513,0
0.704966597211251,0.394828244757987,0.0132221673448959,2.95103370575366e-17,8.01580564476199e-226,1.27511440590936e-10,3.22874979865596e-218,1.63257603004497e-89,3.1951902576991e-50,1.54568195535206e-13,1.43200141287789e-14
0.14705235532587,0.385555139798338,1.95767433618282e-154,7.63879648825427e-05,2.21131692742968e-278,0.00108409197099418,0,9.69799468481964e-58,2.73426838243591e-15,0,9.74784708218725e-307
0.103876337712609,0.390486727980306,0.757866222050797,0.417892058594776,0,0.153432515141462,0,4.01583525652108e-56,7.46911488302569e-183,0,0
0.444307259232199,0.95227502735204,2.39401256019079e-201,0.00648844097952435,0,0.4126742362375,0,0.20076134044511,1.71080189184883e-20,5.81040151894701e-87,0
0.0571308348390129,0.389575883667639,0.0104829414578849,0.00885670379025401,0.0112469537022033,1.39255574714534e-57,2.53914952234042e-260,2.03020206674351e-47,3.07457592247186e-97,7.58517202694772e-124,0
1,0.486840873956239,1.63487608599011e-71,0.102451471158434,7.28581518451126e-244,3.26042311989268e-33,0.334708312348328,2.7383833059446e-69,0.0482344755352228,1.17370614049019e-87,1.5397458776464e-93
0.260202259236709,2.78365355209139e-18,4.48525806264198e-212,0.253596749051417,0.431062627327295,3.38833654408642e-12,1.39501951865639e-304,0.0796027427252826,2.16628356440012e-194,4.63766038317329e-194,0
0.9334608934845,0.590309250597748,5.32429269647586e-175,0.664973965914269,4.00620460001388e-129,0.417564933553335,4.99961603337828e-181,1.36887279694008e-52,0.144908389862855,0,0
0.179314850600383,0.390123807287096,7.81003461941157e-188,0.00365725180139231,4.40534320158282e-135,1.8414813210158e-86,0.000101879357741497,2.5343468453944e-153,0.000262600457832881,0,3.19903517215419e-07
0.347622075529669,1.03845019189627e-55,1.66767146197635e-87,0.0154543769343503,2.7186427836321e-135,7.30306268369e-14,2.36774115425722e-266,6.33525679767181e-42,3.00793626410814e-228,2.29508163125608e-96,0
0.56005677571697,0.0743445196156856,0.18866930243218,0.0933245045477565,6.14385740998218e-183,4.85238449080619e-79,1.60312433785341e-108,0.00170230101378364,3.29506278957398e-136,0,0
0.0719992904841195,0.323177594078511,4.10358769196357e-178,0.00535181135733243,1.51726384138347e-60,0.0793523542424772,1.00169841027086e-70,7.73637631101488e-14,1.00233065797396e-16,0,0
0.363459702900356,0.61373994791231,8.27525499857273e-185,0.140156503129648,1.93722963659775e-116,0.0287093303485315,2.15034759304074e-175,9.65540298755825e-116,4.60978764932111e-65,1.70587601491949e-225,6.04018958535081e-272
0.476800314515133,0.705743414122183,3.94385170651577e-107,0.654331751654956,0.623031825154785,2.54417975695044e-27,0.351017254646792,7.06333584828187e-75,3.29030969977329e-36,0,0
1,0.552589819579996,3.92998033363721e-83,0.0130756434580312,0.695598109638059,4.34737342334978e-41,0,0.05512512606358,0.109567592255413,4.48687574116508e-266,7.31116241452646e-73
0.0425135445582572,7.52278906522811e-23,0.347033645313943,0.132156174014107,3.4180789638564e-98,0.227412894006301,5.06567156945426e-74,4.63185705357981e-88,0.00483047684869307,0,1.78264281088321e-273
0.196932997061009,0.317918180388786,5.6220082111318e-67,0.0562837677558693,3.25600763466358e-291,9.28435238142252e-25,3.8859701891736e-72,3.09160543852512e-93,0.183740272822855,0.373115549391392,0
0.867806143129756,0.837324364713867,0.541373966915876,0.0141951723832898,3.75751175171175e-42,0.302354507059185,0,0.0275028767941617,2.08493511670738e-146,3.69122244765248e-173,0
0.201230169544427,0.362080469185053,1.08968166800626e-159,0.758241379772068,2.04031489605321e-92,4.40024474246748e-38,0.0500415037593896,0.024292289181955,0.0108868301438941,0,0
1,0.764449874979633,7.95995004383807e-41,0.530713972917603,0.0968424551839849,0.0327689705535446,3.57130463491884e-213,0.0995474255793703,0.00499723811043038,1.13003685513208e-217,9.9609420052426e-153
0.781501058666379,0.69914155827735,0.140586448019285,0.00548668609653499,0,8.6176995460141e-64,0,1.01676036678282e-63,0.000661873290260868,5.15321333933719e-290,0
0.979440532376928,5.11818594490312e-92,4.3752592558243e-97,0.039441392031557,3.5552268290542e-05,0.000423853628194184,0,7.14109368820413e-06,3.91356217674267e-07,4.10884116624216e-10,0
0.820396731372951,1.19351821292645e-09,0.190461518853639,0.372815687118957,0,3.81747817895346e-41,0,8.46617790783874e-10,4.17605665640164e-05,3.32282423987517e-122,0
0.47094976131077,7.21668643595146e-73,1.18166318850583e-77,0.533281796205104,2.8168838605898e-80,0.276290897196801,0.0793832669432826,0.0836861948299381,0.00258817045802361,0,4.1328011067392e-79
0.196932997061009,0.337261189178825,2.47368268627464e-134,0.526507344609951,0.316833224910108,0.230412050526463,3.41993930576181e-215,0.0129836108164677,3.20852534421841e-81,1.23424963187915e-160,4.77193065079724e-217
0.00425574326970325,0.556874303516147,2.31382384028125e-107,0.308839424229115,7.39138097505829e-293,0.0329009065165559,6.98522358261154e-170,5.11425877074336e-134,4.5108684583765e-140,1.18331476654619e-142,0
0.252970120262971,0.622194942972658,1.54849386797153e-112,0.027522537989865,3.11015612498652e-208,1.03005229343501e-115,5.36594204631205e-313,0.155594193716168,3.80589405779719e-57,0,0
0.215078905874706,3.41883609323812e-51,0.85974684674152,0.325362850326792,2.67820961363348e-151,0.122696142158269,0,0.0222226577592911,1.84695651755186e-36,0,3.45985389812814e-125
0.9334608934845,0.0284918617985081,4.89439054030516e-111,0.0231038428612008,6.14351579204626e-148,7.11464915042485e-59,0,5.98292682233611e-06,2.14168837150451e-05,5.59752133462002e-09,2.73509182176139e-127
0.00823843059467808,0.488960770060885,3.10922088370803e-249,0.00812776220434322,0,0.743078019002068,4.583075055274e-106,4.66717097282046e-118,2.43164778290888e-56,0,4.69899035393241e-115
0.296877754332991,0.674708438947755,3.10918776325142e-91,0.442701779102729,1.49031743152276e-232,0.101308700689912,1.40445043317581e-220,4.35674095051248e-104,0.00326248639645441,0,1.69963012674136e-233
0.252970120262971,0.0863010047754923,1.94702946331959e-226,0.0330672309774247,0.349576954296688,9.5783198771927e-34,7.50003609740035e-315,0.332635995842293,1.19381332660264e-41,3.6267126970074e-111,0.000782174216658963
0.86688954023943,0.304763159329383,0.715512167898053,0.0142309694442043,0,0.0111530928074713,0,5.66538042965563e-70,0.000990350444475761,0,0
0.517559333331885,0.072691069095333,3.61548475790823e-64,0.330775628549549,5.92366148159112e-86,1.88209841873116e-22,9.37113240692299e-284,0.24924817514741,7.8073956135501e-53,0.267393498439648,9.64594177747327e-103
0.370973779240099,0.287021649935387,9.76723295164841e-198,0.00217418853590119,3.18623951833405e-276,5.71842096592907e-23,7.33502336907535e-195,1.73876342305701e-119,9.44790528107171e-06,0,0
1,0.503806367643581,0.865880385497282,0.12594842465651,0.504708199053549,1.82440639433659e-30,6.17495363085937e-261,2.05574833703828e-167,0.146986278155744,0,0
0.0380495279548032,0.346571628923326,0.0447179231724416,0.00328284561756238,0,2.53984670018159e-113,0.00834743761843589,1.20337629455328e-57,1.03445627015412e-81,0,0
0.280744400480299,0.399246375740651,3.35253508403522e-42,0.440744800501944,4.62853482998335e-314,0.0121945964089416,0,1.92084864539429e-98,2.16048923230508e-81,0.00250633148240253,4.22558828253253e-11
0.163384015640561,0.344957695284217,0.163005154058949,0.000663450422824207,2.42360475324221e-174,0.0114386737545119,8.04467050056719e-151,1.93847102431024e-38,1.42412164790984e-76,1.91287030870972e-308,1.66456539392617e-180
0.201230169544427,0.279337875370978,3.02975135306943e-127,0.220519285647829,1.11318625989958e-51,2.16241965329732e-45,8.85548234503008e-219,0.0187572494236414,8.38758058455598e-63,0,0
0.39206159140611,0.210610431009041,1.11346783704928e-155,0.158447976201155,7.95817488787861e-226,1.9699189991075e-21,7.75285360692719e-133,1.39242901252594e-43,6.00320059462141e-22,0,3.87724538190943e-236
0.58579395511217,2.77649777260328e-47,0.271689388802375,0.0101026343403868,0.00334877255734557,3.16638372106998e-26,0,1.90700648998918e-99,0,1.16006613643525e-320,1.29897462471363e-07
0.802089034854114,9.97935212589099e-12,6.20493142090399e-199,0.281925287670386,4.4340742906436e-159,5.155691257538e-10,1.517280493532e-287,1.46658119227384e-17,0.0159474140240321,4.44659081257122e-323,0
0.552201034434533,1.58161377818032e-45,8.27869919077689e-08,0.0150479432908554,5.49445956849132e-182,4.03786115379379e-05,2.44941836081938e-13,2.11365814266464e-46,1.099995991558e-138,0,9.97249382025871e-83
1,0.697815639805049,1.42670126173785e-247,0.414509047103955,1.61072843763273e-263,2.07145641726029e-42,0,0.0095419694828187,7.43782043364177e-119,8.30789087932762e-230,0
0.53003354458347,0.416499279060719,0.869325645323098,0.0430596581664043,5.17284169569687e-188,8.20725093794449e-27,0,0.243270239862281,3.75066942631708e-98,7.1071011892058e-130,3.80723843357876e-215
0.296877754332991,0.430892854969633,0.317379156508067,0.755151473661585,0.0266594512122183,7.94007477866919e-31,9.58422739437016e-234,6.93072797450322e-05,6.31401062742336e-69,0,0
0.163384015640562,0.791513829018164,3.05724974051868e-63,0.468931108049504,6.83816617012111e-52,0.507494014754904,0.925072681698715,9.35855162075099e-93,1.21870605974481e-28,0,0
0.781311261152735,0.392595803680965,5.93378595807057e-80,0.382751410856355,2.01241915961509e-94,0.0343804966732359,0,1.97863902891002e-62,1.35597762696216e-100,9.25821841782075e-113,9.39425164064828e-219
0.240416306060556,6.85570276300829e-64,6.3007507374607e-41,0.417575914299018,3.30951625166788e-179,0.304053219428927,5.17158673516421e-216,6.39272477979907e-48,0.116133432947604,7.55139814190582e-168,0
0.0505949545789014,0.789219929790831,0.857027772898184,0.332159022221434,1.85492034163869e-57,0.464830250066149,3.14254825523491e-256,0.0750293657484607,2.20532707010138e-146,0.0564912337074814,6.57952161223246e-319
0.208229161179955,0.256932500987873,0.492740661923402,0.0772052266336218,5.99157374284655e-242,0.292355399568049,1.02689810771314e-157,0.495562173290066,0.582015908997586,0.312850269646914,0
0.463954682377747,0.361627528671342,9.79406550655878e-92,0.00564007870333277,0,4.49018286186248e-15,4.16440205972066e-188,1.99370521916155e-57,0.00262948482299125,1.91494379142523e-175,0
0.952340170830037,1.02623513764837e-22,0.983100102938249,0.816266069917079,0,0.21819760910958,0,2.64469930156554e-23,1.45221709601183e-05,0,0
0.525061004897383,0.719983580098847,2.22526774338397e-98,0.480550142828777,0.174155585530745,2.57084022887086e-25,3.08188036418771e-262,4.92587392623437e-134,7.02535935754578e-101,1.3665304472746e-129,0
0.311335923960133,0.132503510121288,0.177035725314259,3.95134572035552e-07,9.98918499794838e-179,1.45463029012942e-49,2.80133934889608e-104,2.6261460366341e-06,1.21975366230655e-28,0,4.49866749232576e-192
0.504046032338752,0.444612992923226,1.02109385537091e-165,0.000384461063470148,8.43840637439337e-127,5.35250480776224e-147,1.57668543955556e-05,5.42574981734181e-05,7.06840284772236e-62,3.19392828352015e-251,0
0.111555913793753,0.566626837855616,0.00242480994660532,0.0625489992822421,0.000655983216286952,5.48877092576804e-20,1.53750423588526e-130,4.76666353862744e-101,6.40261524267806e-35,0,0
0.312043000296301,0.385467933112851,4.28390680868619e-128,0.269884809418939,1.86789479194185e-111,0.00643191656344758,4.44990279564839e-126,2.6940731728001e-30,8.88755506902834e-78,5.05692505391876e-121,6.96748514079591e-305
0.363459702900355,0.407027172335223,0.161333253829791,0.0243589053729691,0,0.0111411567753294,2.04913635197024e-174,8.56193861066643e-30,4.72349922250862e-07,3.4191760653797e-77,0
0.510941331973592,0.168170968169932,1.26652009535202e-197,0.00139963200952767,1.18596262201174e-51,0.0402210726739171,0.0473384162128618,2.448701842087e-38,2.74624816064339e-33,0,3.35977218504009e-05
0.40137653227652,0.605030951189922,2.65026587161541e-47,2.90578914109821e-05,5.11682653414938e-216,9.42684040923409e-24,2.14124621530506e-259,1.19143715323222e-14,1.76024529889661e-65,0,0
0.339267632048111,0.543057546923819,4.00666834878432e-200,0.12721166771216,9.60125010181989e-280,3.96435356223834e-60,0.0875273322050841,0.00327675825729835,9.38971632507723e-125,4.99041069111151e-280,0
0.86688954023943,9.94081766533554e-60,0.531668464907239,0.439639400129288,4.23902713851059e-192,0.0963263389968934,1.97494659678107e-245,1.40803340980465e-130,0.358536377252581,0,1.43009844283604e-276
0.738541105415969,3.16717513832672e-11,0.00602164561293479,0.0115070317061883,9.15983311762735e-165,0.000440496464444912,4.859696431509e-285,3.016339055061e-71,2.06087544882767e-110,5.23018727479535e-307,0
0.778035509513727,9.72012140504711e-24,4.36144294865055e-60,0.0227135493368487,0.0124047624421756,1.61864893828162e-55,4.39801414345602e-195,0.00203044579240375,4.22965373095592e-20,8.30912128358478e-220,0
0.296877754332991,0.96430040021959,0.989988665945526,3.41385319296948e-13,9.37865287584603e-247,5.12303584894181e-42,5.54820748815045e-221,1.98418410077223e-85,2.26922314196605e-276,0,0
0.0496827290062452,0.168786554468544,8.14224996157196e-103,0.0104010636685711,6.75750433770398e-50,3.78672988674198e-45,1.30295029209582e-88,0.405869709046583,1.1501486432811e-110,1.16954140085491e-153,0
0.150132195193913,0.204592575877608,1.3836675009809e-108,0.0423679664971626,1.27804264110079e-254,0.425630782636326,1.72005275104227e-71,0.0907739775455168,2.16027505832832e-142,0.00978587060422527,0.0129009902769448
0.156810771081756,0.778656808288638,9.53738750554318e-105,0.0514051886754433,1.54461737817822e-06,3.74235456033743e-37,0,7.28283633114893e-07,1.72965201203898e-58,0,0
0.496853763904285,0.108377314574476,0.300743745295884,0.162982996938005,0,0.00811305068142256,0.00308304009439583,7.69768826865938e-16,1.50610733576893e-05,2.60146332826132e-06,3.28562737023821e-69
0.201230169544427,0.355268358417533,3.65716397401234e-77,0.491476806968857,4.01918103236184e-122,1.55648609705138e-47,5.54535404415245e-156,1.07495429648732e-92,6.22567068672805e-71,2.01815111728449e-258,0
0.186963989912487,0.224425778902358,0.16961277609099,0.122976516256086,0.272769346943929,2.00186577948488e-37,0.177330248225136,3.68233651792373e-131,1.54916163741191e-63,0.128095756678988,0
0.878478687902767,0.111607691270811,4.46101788842525e-137,0.00640902839929322,1.39936585443959e-101,4.47480176592698e-32,5.58737147335597e-304,8.03326259175794e-77,1.76509141820999e-120,0,0
0.781311261152735,7.5457055894335e-36,2.38968844062035e-56,0.179817604763439,0,0.121195452495742,0,1.54645550757417e-160,6.94951803160625e-67,0,0
0.0469682903280462,1.16682488137338e-47,1.96586029073192e-154,0.00371093845117643,1.35675357008529e-312,3.13317039161362e-54,3.28035099117698e-307,0.0553384592493031,4.99950693907357e-122,0,0
0.504046032338752,0.342124645867992,5.66048214670209e-119,0.522122269894438,0.253284508376109,0.434259453923299,0.28669560946876,1.48200700457441e-161,8.56852752565761e-36,0,4.94065645841247e-324
0.311335923960133,0.79490267566317,0.561704476363157,0.511303349542978,1.23305328188986e-73,6.08594119771482e-41,8.1484207807902e-164,2.22354529887781e-52,5.00302867937985e-94,4.22729003503796e-76,0
0.237924850047937,0.836608347494001,1.30861349676332e-303,0.442632782955075,2.71528831237947e-189,0.634064920197147,1.02410840653402e-211,6.71283227996496e-40,1.13691497673361e-39,0,0
1,7.82694938989126e-13,6.59180638246068e-60,0.00281920733481925,7.44419180677487e-68,1.51428277052899e-135,0.017713514734886,3.56064257824805e-31,0.000506836174087544,0,8.53190896356113e-89
0.194079427497205,0.0938175838088194,4.11510758327748e-121,0.761531187713243,1.11243726165724e-183,3.18367114088456e-06,1.48672017254069e-07,3.78772256217769e-06,9.77826827666048e-104,0,4.25512441064081e-215
0.312043000296301,0.992100870019522,6.92125592813112e-67,0.517985324056639,1.73992571293846e-214,0.00148266490543437,0,4.57800472874696e-05,6.69297702090137e-91,1.58458803920111e-20,0
0.932051721510338,0.129497385686842,3.69497435900791e-49,3.96789271600055e-05,0.00135934915048807,5.79186691019476e-41,4.02665129918024e-173,2.82908149217261e-23,1.36679043223442e-50,1.06589399644464e-10,5.85585700300671e-146
0.17003291617449,0.127460337712638,0.0209963129326075,0.208439151713866,7.64157454154705e-11,2.77263828824938e-34,4.62762354958046e-69,4.59682312652139e-09,7.09380775069562e-14,0,0
0.326323146465471,0.469065549454378,6.57933317983344e-61,0.0534765046293172,1.73097245871436e-55,0.049533044049656,4.2578148927426e-254,0.0108898998947004,6.47973477030343e-20,2.95226232218109e-186,0
0.476800314515133,3.79131831866659e-19,3.71355074627813e-254,0.0170442971153407,0.00244864449922584,0.00308925158561255,0,2.33217044725597e-90,1.01438135068482e-22,0,1.00591746602031e-07
0.0734129478253203,0.19260693521807,7.27272715567999e-41,0.016371590530419,0.0123116800600902,9.9851347235066e-28,0,7.46758934513267e-49,8.11722232969835e-37,3.60673721505828e-255,0.000219800129781294
1,0.243137496002345,0.147665540861011,0.0010783958426337,1.36267706757017e-81,0.00726008157762223,5.75704978124742e-248,0.00318111433974852,9.14723497040334e-51,0,1.13858185862015e-71
0.249279319897233,0.478320203950284,6.41984581883276e-108,0.0718844727139669,2.34399357914417e-40,9.63898066549795e-20,1.5390889523774e-236,1.18984651072202e-181,7.89591873874782e-93,0,1.28635944718795e-309
0.0558497346243249,0.335316100125253,3.62127653244327e-121,0.00382900653288379,2.24744010232557e-123,4.11408074054977e-164,0.299253788055755,3.94025850438572e-109,0.150481810795191,0,2.13395734279985e-213
0.410384699399127,0.687037192870995,0.296204453866671,0.0620330562214029,2.00596316999295e-127,0.178605130051099,7.4109846876187e-323,0.0189124387084013,0.00247951671567931,8.59364344765858e-51,0
0.933918875243491,0.0636138825398563,0.00306566964238483,0.819050804627593,2.34613014330125e-110,0.00236628466262648,1.29785025522102e-184,5.83499874055382e-121,8.07679828942322e-09,3.87696201658247e-10,3.57454215921731e-90
0.867806143129756,0.556260186563367,3.15021633695502e-105,0.244827394911499,2.49323713600965e-187,1.14480671654209e-62,0.0122107358443166,1.87993381214461e-144,1.24204307373233e-94,0.0104471104816796,0
0.296877754332991,0.983852938877088,1.53632769271826e-60,0.102371433483854,1.70797322736318e-147,0.0370548660296684,0.00117475214835745,1.07292047921748e-50,8.45454220515508e-63,0,9.93953880001092e-112
0.107724761737049,0.988268302700734,0.0498790119512139,0.00180746770064846,1.98761805434171e-254,7.38546746116201e-60,0.000488764781246864,7.43301104983435e-89,1.37490358331577e-38,1.60866662708562e-183,4.85266820027088e-141
0.510941331973592,8.67041958937309e-17,3.23341200038016e-79,0.204673485590481,0.494801944233417,1.40983252205127e-42,4.09408272984658e-224,0.132918424690698,4.87917193706098e-53,0,0.0909058447372696
0.597866499794004,0.188556008610746,1.26723626561652e-156,0.0888194475245943,9.02586017227587e-87,2.10126237665989e-120,4.02996077241507e-198,8.37084522616708e-139,4.74640616249593e-06,0,0
0.245546437431628,0.498095082230825,1.79315336577881e-300,7.70923051605805e-12,0.639208957066518,0.644999699615805,0,6.54609655909063e-96,4.23776503432498e-114,3.5497799341655e-97,3.1107924118253e-247
0.93299325555875,1.01845110186842e-13,7.3755475593918e-119,0.208730728599834,2.89937451341058e-79,2.89680727850996e-196,0,2.44557002299347e-75,7.12958812287453e-67,3.29308355300606e-181,0
0.169850548626124,0.568472643805189,2.64740990697236e-72,0.017634454038356,0.1252013722318,0.0391270650077323,0.122363783968863,1.94047301420002e-131,3.08751527063437e-56,0,0
0.150132195193913,5.870823296342e-14,0.349713175688236,0.0103909581912443,1.57267286875064e-119,1.63150123365678e-32,0.377341690106208,2.8228155521307e-78,4.34987967218744e-142,0,8.51390822207308e-298
0.063112003619559,0.525841354058069,0.889442793711421,0.147947990811043,3.27215676789314e-93,1.61369931984589e-95,0,0.0988250292296851,1.71637829866968e-171,0,6.29197112567673e-157
0.9334608934845,0.914978309451771,0.41244987372253,0.0382669545870351,0,0.0970332406017096,1.81973773783372e-118,6.41104187588508e-248,1.03231275386926e-193,0,0.000601782214808529
0.444307259232199,0.202889430655125,0.717031481126524,0.000150173856588131,1.10832670581563e-83,1.39153487238821e-52,0,0.294347783002333,2.35774563315238e-67,0,5.61092937131275e-267
0.9334608934845,4.97274431029258e-41,8.04780684506439e-57,0.00398032237354563,1.97736772131776e-187,0.0876506669196358,8.48361727839115e-169,0.0214100508608231,6.87276601565252e-83,0,0
0.13140900850295,0.461542482051104,1.66384163961196e-103,3.4482108965719e-08,0.412064594938858,2.7915419878086e-32,8.91618440786013e-93,8.95966501421577e-28,2.45741599024296e-67,3.92096609520139e-289,0.327204969170284
0.125478546398632,0.18247029615017,0.325033722107387,0.127881350410581,1.8930472417728e-125,1.6382628857786e-37,1.90025965383425e-186,9.27708293347921e-36,8.94669150255352e-12,0.00544611453762754,8.7815633519858e-300
0.818592637954729,0.368775706414262,1.21015796469611e-104,0.204111379721036,0,2.37816758607245e-61,1.21711102337747e-06,6.98182676405663e-06,2.09084598053757e-110,2.85305967353395e-190,3.03506268338752e-10
0.525061004897383,0.253281644299866,0.254933752374829,0.0252621093913267,1.56707964673909e-154,0.0400634781389954,0.137597982270955,0.0338331687390613,3.30784546233378e-185,2.95907343795283e-166,2.44497207275455e-277
0.296877754332991,0.161672568074198,2.10420259432426e-55,5.71226855701931e-08,3.98905080853014e-61,5.96806477147515e-27,1.08550404574506e-113,2.28886476869297e-30,6.86873829398698e-21,2.49090286015236e-196,3.16898089585303e-110
0.738541105415969,0.369004462491134,1.37506062715179e-86,4.05491227246676e-10,1.01237501793914e-269,0.434123560102701,0,3.92387771845603e-109,6.78483365211129e-36,0,0
0.3045760234155,0.680158060194251,1.817672093586e-90,0.00757260121685235,6.15821842805556e-301,0.0449715051617768,0.0428830352646847,2.98848187203379e-32,0.000252940395645389,0,0
0.0012425247572773,0.000866858329540498,3.5071659706268e-128,0.0418880253704449,7.97786176859097e-275,1.84447827192803e-58,5.20881714945151e-295,1.41524970783618e-53,3.65681137127581e-61,0,0
0.0505949545789011,4.97724995340776e-27,0.16972733293032,0.0238362893861843,7.13873940541266e-187,5.25022658893179e-79,0,1.25010583759082e-27,2.75194976278014e-148,0,0
0.194079427497205,0.556584628507994,1.14340537815375e-96,0.381121131820166,0.359222503104429,7.36474263534103e-107,3.42233917795128e-174,8.04962729887265e-55,1.76428555293921e-229,0,0
0.457684867634293,0.303880970648988,0.925703502276483,0.349496882650645,1.73623650060434e-125,0.24670004491582,2.52310225284462e-292,4.71703056354954e-165,6.52543901260589e-57,0,0
0.523917952547066,0.149047147436404,0.182603939030884,0.0190615180380741,0.0945491378924897,6.9691620403413e-85,0,0,8.6436783134088e-103,0,0
0.0558497346243251,0.384559654281897,3.91100572857704e-48,0.000133909296659371,8.16006132220012e-96,2.69057289151596e-16,4.46644496593136e-198,4.94053370932865e-06,1.30519200350225e-69,1.28461161720854e-306,0
0.503378684351561,0.00392122647883498,2.45818686179835e-105,4.55195907089525e-05,4.82706283558422e-208,7.16536356447443e-05,0,6.8895369610773e-60,7.26912024581801e-06,0,0
0.767537484759876,3.6710655842604e-15,1.73649968637871e-107,0.0671830692228449,4.94225366380514e-248,2.01574682191398e-166,4.84925097652419e-199,0.0762045570041578,5.25564788733145e-116,0,0
0.931356785062964,0.00580397500001954,0.000612086400172855,0.0803572937699389,9.22356275324295e-188,6.05406191069303e-58,0,9.84197375222062e-98,1.94136766676345e-103,4.34214931867287e-09,1.11738190729945e-107
0.370973779240099,1.14553128716973e-29,0.0844669037860692,0.00806319690844805,0.0785834207448483,0.35527105865698,4.82072101011704e-217,0.00100480740058718,0.000197444773837759,0.000102574613316582,0
0.0532116446034153,0.2193365219663,1.01485489559681e-76,0.227155538140809,3.7467221219548e-318,6.47687072218612e-31,2.97216167010449e-86,0.0548777293880404,1.63850744153008e-106,0.104008937686773,0
0.43724330389993,0.585392304237461,0.791032252482648,0.491357291107851,1.97903587009389e-77,0.0555791168360643,0,3.17161941274561e-58,3.56043548441614e-116,8.47091252386745e-300,0
0.525061004897383,0.565750931941847,3.68197025741196e-100,0.0151172955111642,0.363303620783191,0.126499383473275,6.24866215337889e-317,2.16832023069892e-42,0.176453466188192,0,0
0.653930662798297,0.0112594886956742,3.09867260268645e-110,0.153315970052374,3.7215779656444e-259,2.27832860060906e-38,0,5.23645040392285e-05,4.07345227757975e-54,0,0
0.476800314515133,0.494263635282539,0.767755017818277,3.73118415875721e-12,5.05737876283187e-212,7.37710526798371e-06,0,2.89982468300182e-10,1.76986215348103e-58,0,0
0.237924850047937,1.01016967827255e-53,0.892199038263196,0.00542953011671566,4.94065645841247e-324,0.0894894584870512,1.40554966170102e-307,0.0231881117230911,2.12845087377281e-81,0,0
0.0249377442211257,0.0759119925618819,7.58835142655831e-113,0.0131991937361923,0,5.59636802653957e-108,0,7.60666735286234e-228,4.63788605815762e-92,0,0
0.00899675424535995,1.8846961443792e-49,2.3331366783378e-153,0.112563661035998,1.57595296825394e-98,0.0123802111932226,2.97260851023866e-139,1.83105018717163e-135,7.31528650394359e-71,2.20583311108256e-113,2.43632611796651e-200
0.355680773480941,0.464435096306477,3.79750567912149e-91,0.0512714378069898,2.52324179750911e-187,1.06969244808628e-23,1.48787469096638e-114,0.00583254039551106,8.35087115292536e-41,0,1.02955476296682e-174
0.476800314515133,0.193527407081168,0.721113287578547,0.288304355260424,0.272519938590679,0.120064344878367,6.15398683627754e-70,0.0108066595315036,2.73549159280984e-121,0,1.07161898453204e-267
0.091250472441559,1.26160407486878e-29,9.53580113545489e-254,0.00223079874589272,0.000681977569673793,6.67001110584259e-96,7.96249214344438e-145,6.85427735527447e-68,2.00950121469049e-137,5.25178736810673e-05,4.59770038971913e-124
1,0.21065007677979,0.626929649191953,0.0176308612476914,9.67049930769053e-206,0.0711865977682584,0,4.01845540547718e-89,0.00960091614488157,0,0
0.867806143129755,0.883885758857368,4.91174586209333e-145,8.9133902116389e-05,3.08022362803517e-221,0.00493357209218889,5.4255361944827e-267,0.0286325617659101,4.10238977740863e-171,2.74828961038792e-05,0
0.00215434141992252,5.9553040487517e-34,3.7102476610177e-154,0.0265667238754105,6.08148939016319e-59,0.104815027748481,5.62549892103416e-115,1.35837206685026e-30,2.44968427273625e-05,0,0
0.933918875243491,1.27035898772813e-25,9.14939833015504e-105,0.0172304541319215,1.53778959943835e-180,2.65126223607347e-25,0.0779712141788022,0.0138267433468493,0.00175957773176299,0,1.00334244298778e-244
0.781311261152735,0.434936985830249,4.88185083024516e-65,0.119057581452505,0.0138147616963858,8.21663421118428e-70,0.00902919860413547,0.11292683760422,5.9535068976646e-05,0,0
0.344101998879698,0.064118832274227,3.63990101636722e-69,0.0697184051845916,5.12446502714514e-232,1.26336817288806e-22,0.0210147292677382,0.000466409771373155,8.6736503588586e-124,2.41050516549042e-235,0
0.0299328688976581,0.48884387306236,0.777235479680124,0.0221860033462715,0.80678269821732,0.594988000442006,3.84300530908894e-238,3.28507714011364e-85,7.80417509232005e-65,0,0
0.738541105415969,0.532535444424608,0.04506722848141,0.300931243187148,1.60294524794084e-114,4.80586436691342e-32,2.5362650415352e-195,3.54009487200794e-56,0.110482030257147,0,0
0.704966597211251,0.593384443153577,0.21473862185497,0.332430217888702,1.53772491579579e-264,0.0997491705818568,0.0606809083587757,5.69355226973222e-68,2.52211048734755e-54,0,3.43333034781502e-140
0.86688954023943,0.488843873062361,0.344367961378359,0.348962091700167,1.45618258816454e-79,2.88345115228312e-99,0,4.19263258426819e-40,0.000595002998317937,0,7.17977509420869e-249
0.029994649732999,0.00868391732055,0.000744477110382795,0.0784317556590504,3.17355796287933e-142,6.98999977749648e-06,0,5.0367455979765e-95,2.62723093039731e-08,0,0
1,0.347625582022131,0.0162776266172205,0.191070142176367,0.0207963707169125,0.00490508501161714,3.99018813047839e-190,0.000771811717051426,4.54894372709648e-47,0.00148754306490428,0
0.0825777689486715,0.169460798336609,1.89873737218053e-82,0.0139493004922772,6.76532335125257e-121,0.0990557887630259,1.88154956397515e-280,2.87061867958427e-48,0.0333537701864204,4.90850119718803e-223,0
0.222062751245552,0.387597385040328,5.30977541519053e-171,0.0254948536355293,0,0.00206977975505939,1.26451605684838e-05,0.00133862696320382,9.21071496955968e-40,1.10483021036727e-187,0
0.0532116446034153,0.510377089705945,0.488707676762547,0.0543218949352053,9.88139013192808e-99,8.76807124544263e-21,0.154322130575933,0.774735270013858,2.33399755061301e-95,0,1.70711861499511e-256
0.0402664771467374,0.390195487374774,2.81474991340552e-148,0.000114133730277464,0.0110233819685065,2.02687050914546e-70,9.13192645139714e-100,2.0834015058241e-78,2.67080610310888e-42,4.79630372415319e-287,0
0.186774841571074,2.06909407861543e-50,6.05922862488819e-86,0.000245157648967755,3.9562126679223e-126,0.000355342348157896,0,3.91611814532262e-64,6.96087418348067e-05,1.39837718355336e-159,1.8986534096591e-274
0.591685778079526,0.475487008926556,2.42470362207626e-134,0.0531137782093457,1.8866698975243e-239,0.176019158098378,0.0883634851534384,8.27997504857773e-75,0.0080760749351866,7.75221983046684e-40,0
0.3045760234155,0.901560356145411,2.75647215343985e-133,0.818705765205028,1.5849903316375e-40,0.0375368771805086,6.47639409198274e-164,0.0313145651486812,0.000451920781410046,0,3.22750496340866e-133
0.429908462202066,0.870396781919487,4.25866149625723e-184,0.0210108327990259,5.73895337343228e-280,0.00933373360544945,3.18820561261356e-319,1.06034642690998e-43,1.58872813813102e-96,0,0
0.704966597211251,0.155134877802772,0.700951640220097,0.129187462256716,1.84320216573155e-58,0.122682691045848,0.514808735875339,1.58329782746224e-17,1.22980682638442e-66,5.32510271738419e-255,3.32920479245114e-220
0.143350460935604,0.196491189252354,1.57399782511971e-56,0.0109345363093819,3.84643922334065e-287,0.238322633565001,4.74994711911774e-320,0.00022352624339865,9.95899549349501e-164,0,0
0.249279319897233,0.466568783514718,1.71412854033312e-299,0.104297208979113,1.34549553035518e-159,5.72377273125211e-46,1.75455418104445e-224,1.83804740556383e-108,0.197214673609116,0,0
0.762769331864271,0.547584462307092,0.11724708757658,0.0280358282550897,0,3.12937970631454e-30,0,4.83712497048307e-96,0.0198385516693239,0.0251089740286044,0
0.311335923960133,9.94256548630382e-21,0.0108774281499446,0.00410569866424838,0.027264486895986,0.456291051264669,0.0462856961303192,2.00101779716492e-170,2.97433282435484e-51,5.22026139894677e-316,1.30137454330774e-215
0.525061004897384,0.461963804150757,0.68626887599141,0.478263018633059,0.590601828272559,0.0850961125450878,3.7781152130121e-69,5.31813763258561e-24,3.09306222662484e-184,0,0
0.476800314515133,0.839229352529083,3.18018424592127e-90,0.0606160177763454,2.08575991162369e-64,0.293882342990307,0,0.125657160085286,4.92481898022437e-143,0,0
0.505190555137244,0.12105455259284,6.60523912275171e-143,0.0121500871028834,1.07294632356348e-258,0.0482668510015671,1.42115207844575e-108,0.00355605433426982,0.0271462788181037,0,0
0.427287263893045,0.478731750259401,0.555465443387208,0.0496548142171142,5.36246590492529e-147,0.127940276135046,1.76335316630597e-115,0.224059472759253,0.000393779311023413,0,0
0.98009085734255,0.109780067808847,1.43689510374422e-70,6.1265487437747e-15,7.72936031658437e-207,6.30636656308848e-23,3.13126554314046e-202,0.0267890931418916,9.95687518342113e-05,0,0
0.93202761714499,1.05665326225732e-145,2.50913629724206e-102,0.0176720216447488,1.46538932662239e-204,4.56961618991943e-35,0,1.31540290059469e-05,8.31046472120983e-198,7.14731211846031e-84,0
0.591963579030679,0.28471763996195,4.4723123435149e-102,0.0327355919436497,1.16675455867739e-232,0.000282469709682577,1.79652748675559e-175,1.05202966727884e-23,5.64438676600703e-50,2.6794512246448e-05,1.02191437974042e-08
0.0532116446034153,0.028305905338334,2.98363553892098e-05,0.0126802839655647,1.61034937004513e-07,1.0933795268612e-70,0,5.59535908325328e-60,3.1525860590294e-225,1.54220396430796e-12,0
0.525061004897383,7.417587568035e-11,0.764371194001448,0.467744971954917,5.12057847651133e-112,5.30043144403292e-50,5.78590196739647e-267,0.0732270332689785,0.0306701722640811,1.12501927367629e-166,0
0.0218313252007938,0.17232339754106,5.0331435034384e-164,0.0383168436635114,1.3804514900299e-55,0.214818044769548,6.89592934844653e-217,0.0166929299748215,3.14733774246421e-145,0,7.84150521410605e-112
0.675719870516512,0.0344743235058455,5.29915934690928e-182,0.136152847904583,0.00139671542930503,0.00141584990107137,5.39451440114633e-98,1.68299247454492e-43,3.79789719027661e-89,1.9036594595836e-12,0
0.13029525002308,0.502833360366366,2.61230816917715e-92,0.378938011494921,0.2493701790684,0.0541329051876805,1.47728648260216e-64,2.19966543234535e-85,1.38866492364901e-110,0.00316330131872531,0
0.429908462202066,0.430084743943692,5.07553938896514e-81,0.163930620121871,4.7389996824365e-143,1.90277539430563e-30,0,0.435598357633471,1.9809019804409e-91,5.07930197455605e-207,2.29421890737114e-116
0.221782217648376,8.55849764761755e-46,0.879726685694987,0.280009099022872,1.34103974246368e-65,5.33730048564349e-53,0,7.7716930977557e-96,2.95035947910619e-58,0,0
0.684886303671571,0.0425764744822335,1.08588655169194e-168,0.227528516686172,7.92009087107774e-55,0.00177970126789415,0.00304921626591211,0.000132214016376488,7.06404292550669e-18,1.61884552259566e-134,0
0.525061004897383,0.00280356118134049,0.000221710607293465,9.39721953184729e-05,0,1.01776308296582e-62,2.00060691631629e-259,7.61435733505673e-99,2.30326798281294e-86,9.43141464832813e-197,0
0.704966597211251,7.41611402198349e-28,0.584027982956411,3.164695604842e-05,2.2760736057476e-122,1.16048163430147e-57,3.59485652615758e-135,4.02840887454037e-153,1.24180847991839e-93,9.9737931748829e-72,0
1,0.0978564150729233,2.93758662673519e-45,0.00330897859072979,8.42296985734136e-148,4.31052522779373e-29,7.99894613551251e-254,1.56598320573888e-17,5.05669576620099e-28,0.000374888420207045,4.95369287389119e-309
1,0.624634998285269,0.432174289417715,0.0893456792630367,5.80107488880361e-126,4.32826384124586e-22,1.99471267778107e-189,0.22364902808078,3.60874372758729e-48,0,1.00871498578416e-198
0.43724330389993,7.09577234230409e-104,1.46132648794406e-143,0.107504060746736,7.49906594714354e-93,0.0345845695769292,1.30975376245297e-76,2.21935329990481e-18,0.00644947540389168,7.50958658792604e-132,0.00989690419498405
0.363459702900356,0.273114884318514,7.03533718529693e-78,0.0542162253537752,1.56818968717418e-227,0.0218641451302456,0,0.00161513576027099,2.4292045503541e-24,0,0
0.0888434121075406,0.0815952993126324,6.01263796310654e-78,0.00357112321385455,2.20209137873412e-144,5.35791274681804e-121,1.42684230699751e-74,1.95005432672231e-104,4.27916412741062e-103,0,9.95663172941154e-200
0.156810771081756,0.358323695462527,1.0997570837757e-196,0.19549180275053,7.00650048982164e-85,1.03712790801208e-35,4.90339144182812e-187,5.33935157899208e-50,0.00192693900032066,2.84586296998439e-200,4.94657957710195e-226
0.126036232952207,0.113925146093672,2.85101911166317e-249,0.21333523055956,1.64899713412576e-132,0.0142266431212713,5.6960780220659e-69,0.0378493403231371,6.17009880682936e-129,3.22007074527874e-283,5.3525471814369e-122
0.9334608934845,1.49590936098366e-38,3.05479577492145e-97,0.000194602596812825,1.72763907104893e-85,0.255367918508128,2.46899070592246e-49,2.10096165894331e-60,0.361258814533395,0,1.31372774742919e-292
1,0.824048691016634,8.43121477463479e-64,0.408333197350524,1.62472116769039e-254,2.03264114437084e-36,5.61176114141526e-200,1.5247547642389e-47,0.0492641352187035,5.89976280803121e-191,0.001283463228522
0.000211030040109209,0.000863769585903332,4.24838831937494e-68,0.0686307087988972,0.000611804533551623,0.0248986494367173,1.22333953851314e-99,9.21852328979988e-96,2.80102175336907e-98,3.5886860506767e-199,0
0.3045760234155,0.616369244871879,5.2533458039986e-106,0.244952420948625,1.78357205653773e-46,7.62693548386081e-22,3.77409722655126e-61,0.100785147264106,0.399730784164464,0,0
0.378236927151658,0.531544505750099,0.852755717371909,0.136379594686606,0.717788342941081,4.77200468294e-41,3.79980244193331e-165,1.42038960655168e-47,1.88620733947188e-76,5.90337952576133e-224,0
0.0566486151890341,1.80634152554845e-36,1.52986364572628e-64,0.00331304152430488,2.50411576675215e-263,0.0105731158922598,0.0573379069841452,3.70422063127972e-160,3.50616373914772e-108,0,0
0.312043000296301,0.928425532898913,0.0693559085740062,0.127585728717038,0.029059633575782,2.13642182299469e-38,2.69881673147043e-217,0.00539832313716145,3.2520434591342e-153,1.41948493180269e-285,0
0.704966597211251,0.948642326015255,2.05186493004444e-105,0.873789827010299,1.35721612122622e-308,1.07336380378107e-27,2.08540408998873e-313,0.00854142669940507,1.01054148805956e-22,0,0
0.80474037517625,0.690657694846438,0.315745255189426,0.0908730933842081,1.84005752552283e-220,1.34448631616898e-57,7.70295999987137e-93,0.000573762604955334,1.43884378695572e-153,0,0
0.463954682377746,0.420465669128401,8.98553872059353e-74,8.8510859405036e-05,2.02821050197138e-288,0.105710336202221,4.33555328219414e-313,0.11920194587266,2.20412562285477e-165,4.19604416086579e-96,2.66444662145726e-319
0.125478546398632,0.634368641992225,0.292910718113776,0.425433094545156,1.53761427816366e-181,5.94323810598124e-43,0.0002958849518943,1.71928059081491e-05,9.05624334706149e-07,5.818328200519e-146,3.55352588119573e-163
0.249279319897233,0.34674570928889,4.85853047388997e-160,0.0415361614182156,7.00074355717913e-104,0.0663549626466912,0,2.27181730562333e-73,3.76878552901469e-67,0,0.000903895191350075
0.704966597211251,0.0978775395210817,1.69809509616718e-109,0.0690217354212018,1.00725891436394e-54,1.90758995914834e-73,7.28048212664919e-288,4.44292205688849e-43,0.0190040678246674,3.69285289159308e-273,0
0.252970120262971,0.987716540035494,0.362436040667479,0.392985951480821,0,0.0302819912773098,0,4.53931483870714e-76,1.13445212763194e-62,0,0
0.091250472441559,0.0291394260961902,2.89556042886546e-151,0.00284574844264092,9.3870164400582e-140,3.48514184958318e-62,0,5.30087981165009e-147,3.05866806962807e-83,1.79315667897394e-104,0
0.53003354458347,0.237765400258869,9.05006417284566e-99,0.0565707411449068,0.0795129891351023,7.86396589099889e-59,0.0130403981464265,1.15176577205571e-21,7.12484659403963e-12,0,1.00053097740841e-155
0.417772240403628,0.258586245346742,6.57248026171979e-197,0.795447185777694,0.000310368055900741,6.58592142571924e-45,6.5189747156241e-291,6.70012788198911e-08,1.9972860949085e-65,4.75077135250521e-162,0
1,0.263693425874414,2.71024457516046e-211,0.00327198850710559,0.419035565900267,0.435911691535603,3.62398183963072e-278,0.0266710962714135,1.45573060668941e-72,5.21622455926388e-109,1.30843401124464e-115
0.383376671061919,0.0869200257803221,0.224130296568595,0.142903224050502,1.17728652081029e-177,0.0209258631725549,4.72067126191234e-88,7.82157155566991e-114,5.27281985372857e-34,0,0.00640196376528185
0.10001266488716,1.15020408281482e-26,2.93263994954308e-194,0.0345743689186678,0.00306264243418551,8.00972500149017e-39,3.0207007518444e-134,7.15760547752755e-06,4.83594531798512e-89,1.30403730267733e-05,0
0.360876247320729,0.292299237890458,0.00987505866875211,0.143525203563017,0.00015318570570971,7.84286206255268e-120,4.08699119142904e-06,3.95740366632857e-151,2.40893373271566e-120,9.1743727428582e-134,0
0.186774841571074,0.50929100775347,8.80839215346032e-165,0.371218674066538,0.714883436192944,0.496522935180851,9.47070368686126e-136,0.275695781477807,2.41848026253635e-64,1.34743745892032e-241,0
0.21681956250512,0.43225792278319,0.533501467603527,0.141434875324265,3.90829487020324e-94,3.75233576436349e-19,6.11496820780622e-141,2.00249965595284e-58,2.8079097873471e-35,1.72668287072798e-142,0
0.60352131963613,1.40480043271337e-68,6.18827104717488e-131,0.339773546637976,0,0.107318117744497,0.010604523389401,1.84414937770351e-179,0.000413107368224661,0,0
0.868704068470214,6.43681627670711e-35,3.06816190607264e-82,0.0517960153066678,6.39966993021656e-144,1.41252377576123e-16,9.72767650368072e-194,7.22130490229387e-17,8.32158116349863e-48,0.00783641606645048,1.35581000460155e-288
0.230099026815171,0.143696160211219,6.06916309166363e-102,0.827434743309471,0,0.476692354143453,0.257937381614759,4.62637835670188e-130,1.74777462330857e-05,0,0
0.762769331864271,0.679055581475179,7.23956245756286e-56,0.506720319733054,2.39553517045435e-140,8.52169873713331e-25,1.03943559689239e-182,3.8019509609665e-52,3.13720103818184e-86,0.178141909272862,1.19807416286111e-245
0.156578427641762,0.416819990359157,0.477675858720888,0.308667897171796,0.758717730325692,1.40507587702973e-78,1.00336774475995e-56,0.47324734868179,0.110904485195616,0,0
0.616587556420375,0.0780865087235513,2.12367211596293e-142,0.000513480059565076,3.60672535199148e-05,7.70450575619304e-57,2.31418268710185e-05,3.78251882394452e-64,3.50459610759783e-06,0,7.82991326736438e-16
0.151921210401673,7.19913832844417e-20,9.23206194633838e-166,0.0307757749452863,0.104773359979852,0.0878028119205285,5.47731631991155e-242,2.78811576826385e-62,1.25748276420705e-76,0,0
0.808230216782991,1.27579813359908e-11,0.561702068770037,0.367069054669803,0.570242295637556,5.98835199063512e-21,1.30528329502026e-223,3.72940463560781e-66,7.73550147213417e-32,2.42705210666219e-90,0
0.51871985495675,0.881524256200087,0.753676406529711,0.111723740355208,1.52007266854278e-207,6.17735199326892e-37,6.38231269803224e-234,0.051140042931457,0.00839214670847572,0,0
0.762769331864271,1.06904786001836e-52,2.6559323355334e-33,0.0007480826930396,3.95252516672997e-322,0.285593944193432,0.19853342483792,0.02559601654346,0.0554813935610237,0,0
0.230099026815171,0.223106061117567,0.0702679834539821,0.0129141194191227,0.177840702930917,4.72560418465882e-51,0,0.0198231632778007,4.73574463628522e-129,0,0
0.0122237365916267,0.00598814989009525,4.99707636011692e-108,0.211323715093303,0,0.000139349831194424,0,4.82330825884556e-05,1.85470288745526e-176,0,3.56295202872342e-180
0.355680773480942,0.458783428583059,0,0.00143021759131384,0.32999093162519,1.32489717040279e-30,1.68810210341642e-222,4.49024418562213e-32,4.44260977038736e-80,0,0
0.510941331973592,0.197901473828677,0.0603310539866521,0.0011893653010532,5.45679498326491e-07,0.00101853180926097,0,2.82867409558462e-69,3.92348571325177e-87,1.40561420289019e-08,6.38369848547755e-114
0.429908462202066,1.24926392088876e-21,2.11847567624323e-158,0.0822474806764959,1.04591269357669e-72,0.000955050164746286,1.28948488876844e-78,0.000513510068876464,1.17173691140325e-63,1.80333960732055e-321,0
0.311335923960133,0.111053085814806,0.117141224241178,0.302042556752195,1.39112250739606e-197,7.02337570497372e-22,9.69331986172899e-253,1.16987489404434e-57,0.00885754270763505,5.6166440664979e-213,0
0.150132195193913,0.143268039899534,0.420923365531916,0.237164488031859,1.68315444025132e-141,0.0487650384551752,0,0.0040499005268024,0.00128706057723378,0,0
0.0631120036195591,0.215354632543285,1.89733342548352e-307,0.897281385993055,0.47271046517526,5.69177422381001e-59,1.00083863671249e-231,0.192699002917166,4.51733595822206e-92,8.68591328388946e-194,0
0.201230169544427,0.245877639054295,3.20920281704468e-55,0.013053896068865,1.06610882731333e-82,8.91949919649494e-42,5.59410426489874e-110,6.58956130413718e-44,0.00267888212388904,9.43590299822348e-240,0
0.078166359321569,0.0485624355791238,0.00761623219098585,0.002007965382457,2.68529349802435e-192,1.45410063274454e-05,0,1.94413330782648e-182,2.6905664829737e-38,0,0
0.156810771081757,0.387235229781269,3.22231330487469e-184,0.297655209579189,5.17809303570396e-249,1.10670038180392e-30,1.25396052407077e-273,0.0528675951747244,0.0661591111358837,0,0
0.378236927151658,0.981751230392744,7.18520139690233e-65,0.00440504536973957,0,1.47421580785478e-14,0.0120498189032904,2.95040847521645e-13,0.000304470979130489,4.51386803623521e-101,1.82814564135687e-239
0.653930662798297,1.28184171977006e-55,0,0.493116752595709,0,0.0019195596237383,0,1.31977390751607e-282,0.0783551692323779,0,0
0.0471543551296123,2.98996488530736e-84,4.5816273936472e-104,0.00105253633548711,0.000474064306133524,4.52695831821229e-165,4.047592035301e-05,1.68705459615667e-07,2.7117701572939e-166,6.18356908275202e-280,2.57691158092656e-254
0.608191496470786,0.331963446410822,5.1644746480745e-53,0.0156168040521697,0.120110792646253,1.97178728941952e-24,2.876292819768e-158,1.19536727614052e-05,2.85440960436086e-122,0,0
0.370973779240099,0.982680050818378,2.11548302333837e-179,0.00107904484424269,1.26292470723223e-123,0.015812603999899,2.24742585388759e-171,1.1742431395064e-50,2.07103679139666e-184,0,3.04222810641173e-191
0.360876247320729,0.453163021970953,2.97911512574049e-88,3.59721985471708e-06,9.5944701757e-147,9.56872299413778e-99,1.09692108452317e-108,4.33632940136949e-39,0.011319427250935,0,0
0.0816044439646066,0.755032738214054,0.648085280633802,0.430772632484953,2.0887191862102e-119,0.0742311245304118,4.30721713759122e-220,0.000216511663081461,2.61397823423939e-27,0.000400752501713774,0
0.296877754332991,9.73698951456297e-22,9.96816287266829e-103,0.399981901049262,1.23344257620599e-247,1.64827174060884e-05,0.000107418275014161,6.21168261412095e-91,1.30507743431867e-09,4.79574278587047e-10,0
0.00588946650077931,0.0106403528544723,2.57024705986951e-59,0.129028825334387,0.00452495330301582,9.82960809665037e-16,1.15923537310193e-189,1.87376499214447e-36,9.24433694718943e-49,0,3.35509823920568e-06
0.196806896088322,0.417113226404583,0.0254335700601177,0.00406655206024938,5.41144869780356e-177,0.0526983420112356,0.110996830043567,1.92150241456419e-64,0.00208061574008415,3.02820720505967e-158,2.51031086214517e-315
0.0734129478253203,0.160399752687967,0.186081171626308,0.00142438378478286,0.00205034954843374,1.0114808456037e-33,7.12921991199608e-298,1.59855592852534e-45,4.42413162561045e-227,3.70598051985912e-155,2.14065664447432e-244
0.311335923960133,1.10403116125731e-55,0.0912246705183071,0.000259366066581947,3.32773262748802e-147,3.91844516651306e-47,0.00474703881738354,9.96984852006158e-116,1.86412198479348e-141,1.29266897640038e-05,1.71006687555367e-115
0.296877754332991,0.108102961125054,2.02666538087859e-75,2.79611131635364e-05,2.45814888246775e-233,1.32774916502962e-47,1.33749827589468e-172,1.21046052871487e-22,2.08124351827895e-10,1.77322109325734e-10,2.2754524606116e-237
0.196806896088322,0.313850077657649,2.53937323092357e-200,0.0416938181613844,3.75931772702823e-167,7.75265565703331e-28,1.30398124891755e-176,5.52657744650623e-72,3.68900131878359e-73,0,1.16446684372816e-07
0.0402664771467373,0.47450684576438,1.16899216729217e-146,0.452980652669775,7.37618149377806e-241,3.68225980682284e-66,1.84616519636136e-165,4.2426649764719e-63,2.01498143273226e-51,3.43509196788013e-180,0
0.0779915727931236,0.0243958807584365,1.44982585088337e-275,0.23940904360271,0.0964643219364506,9.86350053239465e-26,0.118305067172966,0.0114144522349469,3.5006644169835e-92,0,0
0.658011531437435,0.166806582784831,0.21183212438215,0.0004761141037136,2.89575827460899e-236,0.00100012239484396,2.19205719833728e-57,1.55375414342232e-169,4.2593830546937e-94,0,0
0.360876247320729,0.363608806245109,5.50059380337702e-75,0.849250825145976,5.06844372311893e-160,1.05424284310094e-29,6.99813278791368e-285,0.221358558922787,9.68106585901758e-133,0,0.0441529440336878
0.0218313252007939,0.162537844422767,2.12630218696797e-92,0.051010933147443,0.00550413449470275,0.00588165543342845,3.66843455234302e-65,6.50657567194054e-40,1.41227611460213e-62,0,0
0.296877754332991,0.48502048605963,5.24758330511299e-127,0.489608504535246,0.587235865692077,0.230453179986292,3.49159653860111e-108,2.79911809174099e-141,1.84692254448401e-41,0.0308416274236104,0
0.562109099327383,6.69486393030859e-45,5.41892918621179e-129,0.120004554677712,0.055270673779118,0.0334597059764757,5.81179498142233e-317,2.78371289011968e-82,6.58897513899543e-122,0,0
0.0850438146667705,0.0275229709566339,1.2665836484071e-203,0.0271549407331298,1.26510979330207e-97,0.150625740948875,0,2.80750904662188e-67,3.64541627284997e-41,0,0
0.517559333331885,0.484852601566268,7.57404890636845e-103,0.00305596339397697,0.0128482371343116,1.07535408746302e-123,1.68432332762393e-85,2.01048741133771e-72,2.70497242599593e-44,0,2.29607246103361e-284
0.288937576369052,0.699766353414857,2.64976348647271e-129,0.0668164945154788,4.72858935998708e-221,2.41588958840058e-55,4.86292938120746e-147,1.39456839001238e-37,5.207109846253e-171,5.5775315321036e-232,0
0.0253837761834266,0.0424814312072036,0.0178886299994741,0.0136840377427238,0,0.0518420203015592,0,0.00147736206308388,5.33817435852961e-06,0,0
0.311335923960133,0.142997322224486,4.69505935956492e-93,0.0113684098037754,1.98209726051737e-57,1.68611201991281e-29,3.61916968814141e-118,1.26983966000404e-24,5.90299036368696e-81,0,0
0.781311261152734,0.685651537572601,0.0746704389927461,0.0820928447249713,0.0280584898983397,0.00739261759182988,4.03081393187781e-201,0.000359644659213984,3.34705347232992e-114,5.20458368672923e-266,0
0.296877754332991,1.14193549684213e-57,0.0213449695310793,0.000363986943588027,0.000264141496479737,8.67951590534236e-83,9.98943286001138e-05,7.12839290965614e-148,2.02221941082107e-28,7.27453441325212e-256,0
0.311335923960133,0.305377257332837,3.37570408015367e-169,0.344893716495031,5.41893986768309e-118,4.52829934999069e-19,1.28664047099849e-80,3.88568422498016e-06,9.12235089746488e-176,2.00430549147889e-07,4.32452278390092e-124
0.378236927151658,1.35725765286454e-62,6.28370261089457e-95,0.0346731913445964,1.04955523971497e-114,0.110827383274523,2.22370543369792e-131,9.55493004884485e-88,1.16431197781614e-68,0,0
0.372684403267145,0.413935738359093,6.8805664550012e-90,0.464686783848254,2.57609526307622e-63,5.25721194833733e-66,9.83969067795046e-179,1.37481271298038e-94,0.00011202265215226,2.45240311058371e-314,5.3826753511657e-171
0.0734129478253203,0.0877524958268351,4.5337406033833e-150,0.513713491675147,6.42604561723912e-74,0.12476936888201,5.07909697460264e-152,0.00258412693888174,5.53240213612179e-74,0,1.38748630379649e-214
0.733561392369338,8.79052463492293e-39,6.98411874871522e-178,0.429394742363984,3.16374574793941e-279,0.18465807186294,0,2.28350565140135e-51,2.77254894266863e-41,2.09752725543622e-185,0
0.260202259236709,0.456863494714531,0.0314328552183849,0.0192201722083021,6.33850821876961e-43,1.07238791262646e-13,0.0106255300512954,9.89712994412847e-111,1.6077731710601e-51,0,0
0.476800314515133,0.691679665644422,2.312906387117e-88,0.0126091760412638,1.17043451590106e-176,8.15667049010902e-18,1.42370814824108e-258,9.65911857899733e-05,8.49523992968782e-06,5.99322397556498e-06,0
0.3045760234155,7.54001115728829e-16,1.14333784950291e-252,0.0318513141617301,7.42760106758488e-32,0.00147714862178992,1.0113583514697e-196,1.24830969603652e-216,1.47497154855514e-119,0.000455290719104171,3.90788138022985e-233
0.296877754332991,0.523334075202177,7.14280981916603e-110,0.00547870635729436,0.000868349666904399,2.81881083933069e-148,0.00128903363033946,4.7058789571751e-59,2.91530549583284e-06,0,1.31676062068559e-05
0.619018529436933,0.35410169372073,0.164369776856503,0.364504688282197,0.302739854217593,0.0839473276562687,5.89889447735548e-67,0.0143842609596977,0.0104817865664497,1.33131954557878e-310,0
0.68957513928112,0.0884560643009015,2.28804891062482e-54,0.000143679551732436,4.7402542472446e-184,5.6682745079725e-82,0.000527566911569516,1.26055722128975e-09,1.00040196133239e-41,1.75543617877228e-20,1.62279615798932e-261
1,0.512347007662937,8.09270620351494e-116,0.495976827058905,4.00408782547798e-132,7.44411885363605e-15,3.60403669263624e-175,5.15450552416852e-51,3.39909093113605e-106,0,0
0.880390147786636,0.0985161635840139,0.0592234433535593,0.0992121638307586,5.43519308837012e-198,1.07014892998676e-14,0.0239683946398256,1.10635780806769e-31,0.000245711076956466,1.48758063350141e-06,0
0.237924850047937,0.50430144272192,7.88042535279037e-40,2.43847608114222e-06,0.819451869071187,0.477069376561157,1.55729806083875e-177,7.0826196829597e-75,0.343951347975043,2.39102559892054e-293,0
0.0976510152952839,0.0474627092037668,7.08179960992729e-148,0.0036097463098961,4.90061826779165e-316,3.03327742083396e-58,3.06052374868875e-239,3.06104662010457e-57,3.98352606570207e-298,0,5.54134837898437e-120
0.296877754332991,0.343659813414028,1.53564336131051e-88,3.19613676037265e-05,1.82788250821856e-176,5.37489304696453e-63,0,1.16160887805996e-05,2.29945939672911e-05,1.45978050166108e-280,0
0.653930662798296,0.520383508549127,9.61219916194817e-100,0.0204937218505975,2.71244667255575e-267,0.38503997959949,3.55492533145409e-49,0,0.187940411881036,0,0.247391725463639
1,1,0.775443346017451,0.254641836814635,4.70582066341131e-46,0.106643526743537,0.305201932558771,9.59335120249416e-43,0.171982925706274,0,0
0.0245578939077867,2.8587643148461e-15,6.97060353613588e-147,1.62725310235818e-08,1.57572351531866e-196,8.64728809850865e-05,3.72612983635519e-05,1.26024491073001e-87,2.25196575717989e-08,6.12005258852843e-09,0
0.713819053657778,0.239761790560289,0.0118579810433659,0.0731140012113125,1.86238655111675e-259,0.0184949489155382,0,8.3661539916421e-147,1.75915004926135e-91,9.12800392429503e-214,0
0.43724330389993,0.55294783985555,2.97535388323297e-113,0.0149526112853352,4.88045232073563e-167,1.71307573136901e-44,0.00458995465818768,1.4570603641939e-95,4.62339827300345e-69,0,2.73598191284477e-149
0.13029525002308,0.429736604700998,4.32504035604782e-154,0.00439436737564246,2.89242702818254e-91,3.24484155993862e-38,1.00121794009817e-185,0.000828036375051909,0.0022638550281602,0,2.25616962063059e-127
0.476800314515133,0.220041687270755,0.562584424509739,0.099282689410197,3.53452474231458e-176,2.91844769025421e-31,0.712543765076322,2.94934770956915e-38,3.55848404807904e-35,0,0
0.355680773480942,0.216493594887444,0.0315551776424998,0.411928761549818,0.000139394337146235,1.9005389322873e-109,2.10796436128535e-171,6.74966169481542e-92,5.19702268908499e-61,0,5.15827140305116e-263
0.201230169544427,0.196234162306198,4.58078891895318e-218,0.377483743543522,0,0.077285053043571,0,7.43337831270203e-62,8.14294923479514e-98,0,0
0.554275691608827,0.484891940261897,1.2027535036304e-86,0.00191928206236504,0.370020724707411,3.98301266500445e-40,0,0.0495531487243088,0.0190362938674954,0,4.03376343850375e-136
0.738961053523737,0.336537665224855,0.687451576544581,0.907762505608227,1.10580671532032e-60,0.0372733900208446,2.54660521025541e-124,0.0303682709216194,2.29456683913836e-90,0,0
0.252970120262971,0.746700893432427,0.333869028004609,0.0277089557295768,8.00283204509073e-81,0.0121917141858845,3.24009315090417e-78,5.04204829514955e-90,2.0150819056531e-130,0,4.1805750680574e-138
0.562109099327383,5.4343956800091e-43,8.02830354009538e-148,0.626707656340838,9.44989254796714e-239,0.141830213766644,0.488793972912974,8.88420717090186e-31,0.00566429832423323,3.86624885562379e-214,1.80402516771058e-165
0.14705235532587,0.41566169721287,5.44245019999135e-226,0.00945276981703515,4.54223409178945e-74,0.0241249324110923,2.1603383064636e-305,2.81290708022103e-05,3.89275989732295e-05,5.54418968720029e-120,6.57379612237691e-214
0.360876247320729,0.432886403668381,0.777679208191926,0.190179490951945,3.20077421382651e-280,3.30387010610762e-51,1.4953707618016e-113,0.0558573229523248,0.0621344191452738,0,0.0489542398421404
0.360876247320729,0.751854212021828,3.060353435485e-55,0.48370412721446,0.0743047717292864,4.70239644376947e-14,3.35035721191839e-218,0.230470746142331,0.0156024594030028,1.95894669169942e-308,0
0.762769331864271,0.12142652993654,5.99351967028472e-89,0.023132298105742,3.13061117489677e-41,0.000232762947861363,7.6783360392059e-113,0.00118305107598284,1.65074858913396e-81,1.76781189521474e-280,0
0.319288821765568,1,0.996009711945699,0.00476515509087867,2.64693762891522e-271,0.122104784362345,2.16652928103973e-171,8.99738869845892e-05,3.03832910713797e-69,9.99483594217194e-305,4.87194230245451e-317
0.920845904376225,0.00195357875347351,8.9023156332635e-05,0.00406393901195868,9.58923113464834e-194,1.36698459463216e-83,1.50028498845604e-82,1.99585348418857e-65,1.85004681425521e-05,0,0
0.245546437431628,0.718574895288703,4.00330032179176e-64,0.000199985355852034,0.000281343302465237,1.27897050465116e-29,6.39737443058017e-318,1.15809468366989e-15,9.56726642717937e-07,4.06256438737492e-283,5.27658555198231e-158
0.150132195193912,0.287432163992596,1.07604866482716e-96,0.0147360992864518,3.09907630596608e-151,0.310206396812601,1.54906509367163e-76,0.192083244323532,1.77659487138202e-54,0,0
0.208229161179955,0.239782017778845,0.105294936923469,0.0217361495318703,6.58737997832569e-194,4.33012406645531e-74,9.04450289366576e-84,0.221220330806936,1.95015743766898e-20,0.00166654395701151,6.57082381252793e-278
0.0558497346243251,0.865446716407215,1.80972262779286e-75,0.658339674426413,3.63496552006932e-181,0.858515740826805,5.42401162941515e-147,0.759856278547862,4.11211159174224e-57,0,0.9892141075661
0.370973779240099,6.50916236535225e-13,0.374923778214682,0.000104753634179539,6.13248721481262e-61,1.16861103426134e-33,9.88131291682493e-324,5.31195851936107e-37,5.76494102032371e-22,7.99821446236943e-59,1.25381403607516e-255
0.091250472441559,0.0261674057752012,6.40639146929441e-208,0.34511079717342,0.0113714273533198,0.556477860904616,0.0108049419137476,0.000252118525721216,8.50133930116418e-05,0,3.86452766805401e-149
0.43724330389993,0.634835723196637,1.19127209675645e-131,0.747200231695453,3.42899928231532e-89,2.60883151688896e-112,2.85071284586643e-255,0.00701371279956411,0.000786234927669229,3.93481966156249e-186,0
0.360876247320728,0.388520950487138,0.89270123502552,0.00620683894293885,0.42576941432389,4.76139826697168e-51,7.45184466460975e-297,6.95817975563491e-113,9.07887246765744e-07,0,2.12320784938349e-269
0.0558497346243251,0.0823920574011567,1.91180846637607e-52,0.362756432212587,1.71800657633798e-216,0.040919521002517,1.89280806465724e-184,0.126777068371989,0.00755491515039355,0,0
1,0.619072709740389,0,0.000429407271697452,0,0.503907877379685,0.895042578634815,4.58712675723004e-45,5.3343635988776e-180,2.67284067135644e-164,0
0.237924850047937,0.439316103482761,0.168297619400421,0.109372553299076,2.51908734686933e-281,1.95438818923294e-20,0,2.01244167280092e-30,5.07322465308001e-35,0,0
0.510941331973592,0.466138079275309,3.8005270077689e-156,0.123007307387171,0.0341799279409591,0.0703919799706637,3.70174903425949e-152,0.0219201215589061,3.11010421762901e-100,0,0
0.245546437431628,0.26391923677402,0.667222640218696,0.591796685758569,0.739868117593429,5.69642335727244e-31,3.22072820110389e-51,0.176867676551904,2.43267553605344e-115,0,0
0.179314850600383,0.403390284497102,5.15370295327382e-75,0.0274131610614352,7.66152976851928e-180,0.00246750183726262,1.33018320761891e-71,5.7923281272327e-44,2.88147072919916e-58,6.04717880034566e-103,0
0.802089034854114,0.478862795626625,3.71976823424623e-174,0.0278957325200485,0,0.349677536084121,0,5.02047402038559e-57,4.06375660260205e-93,0,7.45441735502964e-203
0.410384699399127,0.086809190826231,0.0443187075849215,4.12433990702582e-05,0.032245652572987,1.79003347879982e-36,0,1.67929851114577e-143,1.8043397290192e-43,0,0
0.311335923960133,0.419796885085836,1.28274192950758e-112,0.465540805148955,9.22263986726914e-270,0.00848894822919473,1.60586135323473e-146,0.000186421637554613,2.15835889591957e-35,3.83574696103464e-218,7.25003450114105e-151
0.0941417486904513,0.312978264113987,1.62724063463611e-277,0.00147934246975281,1.80413272572933e-124,2.24042449450747e-191,6.0699659608981e-70,0.000219809711530893,9.84364881009336e-103,0,1.54126388277351e-103
0.360876247320729,9.60342470083507e-54,3.96048693517424e-101,0.000588367818215281,3.30540873943713e-83,0.00137782052718791,1.93926855869074e-116,9.66647380127246e-06,1.04469834133369e-115,3.69444299794755e-314,0
0.278248003761159,1.82884832394205e-54,8.12430958594319e-90,0.120544300358346,0.346338684450102,0.159895530891935,4.09267341494591e-146,0.173058570439281,3.12935019637103e-32,1.34239325679575e-316,0
0.608944881153695,0.402352730970951,2.23952375602694e-124,0.00526662475509684,0.0355497085753082,0.0146159792259929,0,8.78841460193356e-56,0.195161689586454,8.25819297697044e-86,0
0.878478687902767,0.0209407374626837,0.0234286048067543,3.82826984560248e-05,5.40188649521539e-98,0.0701436490115806,3.61411854601843e-299,5.32235866278904e-24,1.26349082024413e-40,0,2.3026558713381e-190
0.150132195193913,1.09933996134261e-57,2.18820740339623e-105,0.0575938802942821,0.0109051861103937,4.63239361872211e-33,0,1.65729785565747e-39,1.98148301150094e-05,2.22810977359774e-262,0
0.865953603199585,0.173260925920679,9.84949576584636e-203,0.052022274717676,1.09264617929534e-199,6.81467655101796e-77,0,3.44772895471947e-05,0.00136293682965339,1.34539414060118e-05,0
0.147213304831107,1.70504731058727e-56,2.46465058945722e-212,0.0476943263913601,6.86120316205676e-160,0.0459413236321884,0,1.80278179404821e-63,1.67083267130966e-66,4.34681522553442e-254,0
0.363459702900356,5.22452979119228e-27,3.05063890092775e-111,0.0356598293432115,3.3529283864264e-200,0.0318827038983895,1.68953915300565e-101,0.0840158501456871,1.48193165825335e-53,0,2.84619454644953e-283
0.237924850047937,0.522520692221097,0.168882789187486,0.164340239931609,7.34686449101691e-83,6.71785633910609e-87,2.53273261280276e-178,0.209122260326273,0.0382063892094031,0.00291461019028637,0
0.868704068470214,1.60941781227882e-30,0.115834086688211,0.00102711258957477,9.3195995622754e-306,1.45653212620736e-64,7.17097473211294e-103,0.00331255826304852,9.08195733255841e-115,0,0
0.296877754332991,0.269180529124611,0.763958540460262,0.0402355493744175,0.141228309230096,2.33426324278703e-106,0,4.80406529239602e-106,4.74790771960876e-31,0,0
0.762769331864271,4.43617388225203e-13,2.11843870969349e-131,0.0818717070180356,1.53293804395245e-196,2.50209167978299e-65,1.06879608094544e-164,1.15774237429316e-35,0.0787039909689345,1.06216064344775e-141,4.7681188152605e-186
0.738541105415969,0.435156238197421,1.81759770439224e-146,0.333240420022938,7.74085125202109e-76,0.214368614657222,5.66408432425405e-224,0.0338553998282796,6.93188578524604e-85,6.42129921410242e-114,0
0.196932997061009,0.118380532569778,9.93388092560909e-211,7.46898125007502e-06,0,0.0139866994139954,4.90353772646006e-165,6.9029202595817e-57,1.08061734354448e-177,0,0
0.201230169544427,0.669331607387689,0.949853421830608,0.734272204763452,0.777866835001674,0.697099815796305,3.14454661602755e-281,2.03627693870113e-62,2.05854978923181e-84,0,0
0.137274219923294,0.25400382256837,0.329123489056445,0.157026529806826,1.95631779763625e-71,0.220266044694778,7.19897125787296e-281,1.03936099941005e-63,1.01247898263121e-19,0.0383654238912762,1.76143415369951e-305
0.260202259236708,0.110401218630603,5.64508463470654e-99,0.0350368420667079,6.24581064359683e-62,8.58554224388241e-09,8.9035773898926e-11,2.89668336382541e-13,5.42517785795796e-11,0,4.34978310540259e-116
0.252970120262971,0.623719230699571,0.556138235871834,0.301161303528316,1.72029325340024e-229,2.0611800673881e-138,8.51852549827401e-40,8.56283692107185e-85,1.20802762564748e-194,0,0
0.558340438825936,2.56093621733437e-21,0.600954036855047,0.011794454602798,0,1.278374751507e-29,0,8.96580374237897e-86,1.58146672209412e-112,0,0
0.00751414849362488,0.541808627694285,1.22441335144314e-286,0.0560404266455678,3.24029291005132e-292,0.220884682677413,0,3.2878081036432e-50,3.07425819949495e-57,5.90318109551161e-08,0
0.802089034854114,0.989886901194696,0.119059576387355,0.0262506458923214,0.17917607362349,0.0515808714645289,8.31819568447863e-186,1.03431303447428e-75,1.06820861753176e-51,1.00755362147433e-166,0.0073429854696597
0.155472789492344,0.103486709103749,7.83953962619743e-80,0.00802192177467169,6.58499124643799e-133,2.84365174851058e-14,1.97626258336499e-323,0.232140584857712,0.313327143252665,0,1.44173944282742e-202
0.0782774524534543,0.172208558882413,4.81225380125125e-77,0.060775553222564,0.000761166246911684,1.52194212160898e-46,0.00212339238734847,4.8018345379899e-48,3.42176934237002e-08,0,3.34628511808423e-75
0.312043000296301,0.872534037754446,0.081135111427132,0.00967896433952872,3.90895374157712e-270,0.00862625272029562,0.0141505783738657,0.00614346740271255,0.0939957231928624,5.09151113058953e-280,0
0.738541105415969,0.205569476950621,5.70318941729563e-106,0.306931704869993,2.02566914794911e-321,0.158825740470155,0,4.18705625142079e-73,4.68297503227667e-21,1.15205315193293e-291,4.10609389348082e-281
0.684886303671571,5.17696580679278e-25,0.337079825963352,0.0348879468942527,1.19528912363457e-96,0.175990228642378,0,3.49608901540384e-56,7.39418775410188e-175,0.0964391654839534,0
0.107724761737049,0.288050983046852,2.02501672560757e-69,0.20181195560459,2.94941069220679e-109,0.0570359912261329,1.39091968325381e-126,1.95453628246454e-18,0.0760862499777747,0,0
0.658011531437435,1.44579547714993e-12,1.75467281471876e-60,0.0471711507629172,8.4335059167236e-131,5.65558103433657e-33,2.53582483524578e-79,0.000299068225301166,3.03226599935832e-06,5.88750250070002e-260,6.71749002258006e-277
0.653930662798296,0.165445614027143,4.53247305884574e-39,0.00928228787784241,0.000503719377854463,2.71230296711832e-50,0,0.0011823958472942,4.89793389451112e-22,0,0
0.60352131963613,0.646633014310708,7.50453562622989e-86,0.211700485739831,2.794357979088e-284,3.52531223247603e-71,0.0254073315951783,2.5874697981887e-85,0.000297917566221437,2.0945958490989e-285,0
0.191920787421736,0.48072565049888,6.06200522512155e-125,0.0235777725694135,0,1.8169854307343e-60,3.31728992740743e-248,0.00321914870281617,9.48813845307263e-06,0,0
0.517559333331885,0.744340350806501,0.596160434853948,0.0157464623035145,4.81845248116021e-193,0.424751123367104,0,2.01373816942418e-81,5.40481625883487e-84,8.16325404873958e-47,6.48818716618293e-312
0.0447881780377694,0.866066354683862,0.676134045868729,0.0561234525417731,1.88525566603703e-278,0.0706320354563538,0,0.0797561054756342,1.72559616079051e-40,0,0
0.156810771081756,0.73528863243723,1.12621364451987e-132,0.0995862757042301,0,6.56199763115197e-14,9.59281943593003e-59,4.17214037318063e-07,8.61844184561038e-124,1.3450126089805e-302,0
0.73719778455994,1.98389914342378e-49,7.93915999815299e-92,0.214616964980714,6.0274622518886e-288,3.20756250406733e-24,7.03613463082968e-118,6.79827554936257e-88,2.84271572407026e-52,1.43362045362599e-215,0
0.684886303671571,0.287033406183653,0.107809542090287,0.0236974658057415,1.53856722768426e-177,0.0904410488136989,0,0.00376103597151271,5.72627257430844e-49,6.15241511975594e-60,0
0.429908462202066,0.422706726484698,1.76894862922778e-108,0.637541095511493,2.90248615687359e-107,2.92691754187225e-92,5.18975365766027e-71,3.59539036442472e-27,1.07883861067165e-58,0,3.06295141197278e-97
0.86688954023943,0.564629070391898,0.572654891211731,0.0461977789318954,1.81276984952255e-221,2.12172852895879e-58,1.2129184517111e-225,0.150196585927068,0.000157488562745506,0,0
0.704966597211251,0.577426505794357,0.0935863737727426,0.0855532014772564,0.014074027939692,1.13540748599702e-56,0,2.0861114953892e-112,2.38622435585329e-63,2.79881617369752e-245,0
0.0175740159018542,0.425252030495684,5.56323763289676e-77,0.00179560921113195,1.56657048050658e-42,1.07055554979059e-173,0,1.02957047032244e-36,7.69945995064518e-05,0,0
0.608944881153695,0.537360145713794,9.75733803541129e-95,0.0290014116033493,1.69050206713469e-194,4.90354801336028e-33,8.67748627327682e-173,2.88277276728446e-42,2.03043966995148e-79,0,4.14377797823512e-319
0.181936042514165,0.188330958123119,0,0.117391631373022,6.78150722820523e-05,1.92735410818936e-05,0,0.000105617284917051,4.78872078071629e-05,0,9.76320837506187e-91
0.312043000296301,0.775632370792656,0.160448400587725,0.365061207548626,1.72407007378424e-111,2.82923011578921e-100,1.95471514515233e-138,0.0263353016197162,0.0371780369924647,0,7.46156892296779e-263
0.93299325555875,7.53589261307532e-103,0.697632406269865,0.198864535812044,9.75300481808454e-72,0.0195095279056769,4.21347604793976e-248,7.61079212581696e-56,0.0902916284133791,0,0
0.156810771081757,0.0339940522036482,2.48770365357205e-59,0.085321244644883,7.26098109339296e-129,2.00346692073042e-19,1.46185452760088e-284,2.95714821561267e-66,9.55846355351578e-68,4.73572702870995e-281,0
0.355680773480942,0.542015549135328,0.195824951766206,0.00113244608776189,0.00587852865756308,0.0575541074961355,0.00396894623280881,5.09967408329802e-51,3.48370209014329e-38,0,7.8757518768016e-90
0.0479364142123765,0.481561555419422,4.06715868801605e-106,0.00935942750909226,0.00380280287458482,0.0184251821450853,1.13047654888723e-74,5.65678623761067e-23,4.6516504981752e-06,0,0
0.0816044439646066,0.383372511384016,0.272112684254444,0.170778107216485,0.00215687159979504,0.00188711909564238,1.72398103827855e-179,6.51988352406796e-06,3.98320000398733e-28,6.78471574656807e-196,8.85136283505904e-140
0.237924850047937,0.870955515488487,4.49390525789867e-143,0.201427367381542,3.66034902940037e-05,2.9354542625479e-98,0,6.19177140581249e-73,4.01884647469224e-76,3.64313120248635e-60,3.71390285374042e-177
1,2.95134136380975e-45,9.82650128654322e-91,0.627376085455772,2.87735064537331e-62,0.0709814717353801,0,1.10025608555799e-73,8.50711176917939e-42,2.55107491520871e-312,1.93366494384781e-155
0.704966597211251,0.453594474590492,8.38945536170071e-81,0.573340418008411,0.506803712391665,0.176629670785377,0.659695484527428,0.386362426490244,0.227733818492695,0.300736775076135,0
0.0888434121075406,0.38015998823724,2.16328601989276e-142,0.229819753680761,3.64400750711873e-243,0.188088269820821,9.80670297785163e-52,1.11423901954159e-34,1.83366147142785e-84,9.88535659920521e-154,0
0.878478687902767,0.00316190782456603,0.00455950047940889,0.011217294917003,4.66733357995799e-93,1.86879352707478e-35,1.38275690607934e-296,8.04407260671184e-28,1.87670658594581e-145,3.96220736755252e-14,0
0.952169205080385,0.513079427646641,0.441407807538734,0.556826020899239,4.9689110175246e-76,0.125877635747076,0.0243631522091988,4.05819092529337e-51,4.84391205272936e-80,0.00499681242753023,0
0.933918875243491,0.455048688761415,0.818073088174594,0.808148215588895,0.232115787322216,2.05530693781962e-40,5.5774083235432e-68,4.3700006350167e-92,6.30550231068462e-166,0,0
0.194079427497205,0.189729573653448,0.00980918787159694,0.00171061255499039,0.00149803352129727,0.00213750057690286,1.95168013185391e-255,2.20668554040584e-99,2.38077667301897e-146,2.07453387344891e-117,0
0.43724330389993,0.283876753666846,4.68681714051223e-215,0.796372743760301,1.7567248192015e-201,0.0229885749818478,0,2.60230462685563e-56,6.15437097364568e-05,5.76264632620946e-211,0
0.802089034854114,0.0433124082179555,0.00255959491172462,0.0955191101789918,0.000381354321618693,2.58952304813475e-45,1.69445427951475e-314,2.93133545322158e-81,9.74198807172358e-68,0,0
0.762930808409775,0.0465632342244187,3.94624850928399e-105,0.207057016942893,9.33466346424323e-243,2.35230144524976e-60,5.55527412183898e-320,1.25047755855203e-58,8.38817492857974e-34,4.58897848435749e-98,0
0.677839363789883,0.239678795345994,1.58919484173722e-117,0.0760887885544238,4.11334688681265e-256,2.97274032214561e-25,1.24405729622826e-320,3.08496071980931e-117,0.00170933646542899,0,0
0.00390361626160343,0.120932268302616,3.26512658494212e-184,0.108656989791951,0.0534622757285158,1.79456338979997e-121,0.0581156948139552,0.000780145160214663,5.07385089994429e-30,0,0
0.679978662230752,0.133968547619603,1.57954485340817e-142,0.489813937699821,2.61390850666595e-235,6.12072380387878e-35,1.03761675798522e-271,5.78370017301138e-30,0.0429447066930653,0.0109560695183752,0
0.429908462202066,0.0705732694975987,1.06120965869374e-146,0.0111470009419522,1.77587551913266e-222,5.15936176778669e-05,8.6631093659192e-05,4.92114565656363e-139,1.02716934185373e-131,0,2.70894919634686e-71
0.738541105415969,1.69149857570114e-36,2.93810540701459e-87,0.0537929114002656,0,2.1843444571485e-14,0,2.8928211439303e-07,5.69966592554197e-32,0,2.6981931524939e-171
0.740689319705037,0.246684103643907,0.130495539887979,0.0381475033593655,0.00925625557259492,2.60586270106213e-52,6.61441362318433e-146,0.00961334533023653,4.43099386506069e-198,0,0
0.13140900850295,6.95492147907513e-20,0.329902162193048,0.042177267880419,0,1.8881171331701e-108,1.22209699056314e-282,0.0555103570834092,0.0176781262182752,8.47387131733607e-193,0
0.0454370443094045,0.367372718758677,2.30776772039191e-188,0.103603442246932,0,4.85207434508085e-79,0,0.00696712100283517,0.00653694252048341,0,0
0.215078905874706,5.94672687020278e-06,5.34343286856922e-114,0.0475852807388267,3.32168226386729e-220,1.29194844959412e-16,6.11763913804752e-07,6.19103583321521e-10,1.19115652758121e-38,0,1.97011756982345e-182
0.47094976131077,0.352302696438944,1.46931617648664e-268,0.0113586084625752,9.32000638061094e-86,3.72070481276224e-167,1.63455442370998e-169,1.47698481015895e-71,5.93089581463984e-153,8.1895229137184e-05,0
0.410384699399127,0.781726388771637,1.72038134663028e-159,0.920224131383382,0.0573817970496845,2.39200313567086e-60,2.21566899216476e-218,0.00505542018150804,0.00834252282294067,0,0
0.150132195193913,0.41219253648807,8.4313201686245e-129,0.330215767300346,6.76241805361632e-77,7.00608712331458e-29,0,6.39974551926905e-57,6.60353130842742e-42,0,0
0.09414174869045,0.19947592858212,0.371474024551894,0.0427262051747491,4.87411062551032e-55,1.57592902266249e-74,0,1.79577070484766e-49,5.33967937295625e-32,3.32874044342153e-66,0
0.208229161179954,0.149579229554391,1.93511544659941e-61,0.00509667281249356,0.0442766008694636,1.90470822604304e-18,1.60817609318532e-79,1.13391536525799e-33,0.00283348668334046,2.57035604104534e-117,0
1,1.54422346715818e-26,0.75192495547152,0.127642581347697,2.07746178277695e-58,0.100091570503107,1.35458575979673e-60,1.91095321217933e-13,0.000212850800449972,0,1.78584681013894e-141
0.0254702224934202,0.149123211324005,0.00461083356702716,0.00167050821012421,0.0133429049552155,6.19811535946794e-37,0,8.65150020044997e-202,3.96668815402195e-62,8.69173047582157e-104,0
1,0.870288151970427,0.0749915562772234,0.0122166726255756,2.70834650100079e-308,0.00983687939972521,0.0177800643193204,1.33312801458553e-79,4.156690462433e-38,7.88742489327808e-223,5.93201299473549e-223
0.525061004897383,0.704544720043662,0.0474541441923441,0.102995890762808,9.173387107648e-303,2.25585865116129e-17,0,0.0901099076022742,4.51299553010957e-29,2.15627058429072e-276,3.68401749058533e-140
0.0661275108036957,0.229978230581444,5.69205606268682e-129,0.0368822680256405,0,2.72747042593311e-199,0,9.27322393473978e-61,6.41281608588919e-74,0,0
0.186774841571074,0.268064259925481,5.57209669661623e-138,0.339792715093216,0,6.48594487049598e-22,1.40393374416641e-156,0.10326977833444,0.0389483213259388,9.02533616229215e-09,0
1,0.485252601546718,0.590479163119484,0.360908670965812,5.03810425644787e-206,5.34104346542872e-06,3.40381335050152e-06,1.27563794699838e-52,1.35562120385636e-95,0,1.27593545389542e-222
0.509246969914703,0.488598779050505,5.46580025633981e-49,0.0274297137386912,1.86171718954581e-130,4.0258419788115e-60,1.04973540199926e-209,3.1924662412282e-123,4.65962524636319e-144,5.26782604012314e-131,4.94913153308145e-146
0.738541105415969,4.08657231935807e-45,2.4882910952834e-174,0.330536169251407,0.119184992650901,0.0328688906272546,1.69763111337383e-247,0.00129535411346125,1.68940330729106e-36,3.23668912554133e-279,1.39586659682297e-130
0.311335923960133,4.0240350132226e-12,2.61052177307483e-59,0.253030660815712,3.22788875303511e-108,0.227690664711547,0.171349353246799,6.22093538051609e-126,5.07059095488156e-49,0,1.9369612154459e-126
0.562109099327383,4.07548184887761e-28,0.116753093295369,0.200794604583258,5.68695090286499e-64,0.174082419264315,4.21369870628458e-216,2.04673779552168e-125,0.00316579663625921,9.97226892886441e-64,0
0.616587556420375,0.103421737734979,0.147847911814925,3.5797832462805e-12,1.10370072558577e-126,2.45150770513578e-67,2.64272763444884e-272,5.76289871837253e-05,1.82738438788413e-138,0,0
0.476800314515133,0.65859622739127,8.375022166367e-134,0.00183532119295141,0.258192477330638,0.191948236583698,0,2.12436444072796e-221,0.000683652116980259,0.000101662013280408,0
0.107724761737049,0.464553371082389,0.00888809170821363,0.795664786408149,2.62227181207985e-269,0.00047359940341175,9.31975316976473e-182,1.53511388444103e-80,0.00056098737762599,5.02301359986569e-50,9.29357108532965e-274
0.517559333331885,0.50147143321325,0.728913045046302,0.104812468189244,3.21000347492571e-57,0.304662034433398,2.88452261566733e-139,0.146150450440448,9.12376109989146e-56,0,0
0.597866499794004,2.95299687503744e-32,6.49460232729309e-254,4.24178712201359e-05,0,2.68689637560986e-05,7.34644606404078e-74,2.69498489568875e-222,1.55713653652625e-123,3.67724691466862e-147,0
0.134520985929744,0.414452082774001,3.02728653416323e-44,0.0778152485416235,3.03815281636232e-154,0.00925033382617995,9.40328310610993e-106,0.00754993041344625,1.28693702291186e-41,0,0
0.272459779629042,0.0980865224886732,3.99463484444677e-187,0.147782220426095,2.76489519060386e-174,0.00258508428558407,0,2.83011002953852e-129,5.39134202932278e-85,8.21906386245725e-287,0
0.9334608934845,0.693264307572011,0.172179425509869,0.00358716703830345,0.182322320783655,0.0285317337334862,4.99230339773807e-285,0.0436099259924342,6.42560151056701e-25,0,1.53985439839341e-319
0.363459702900356,0.251862403504143,0.0520667203289591,0.054659214034822,2.00802457174312e-62,1.40943197366677e-15,2.13193931098241e-240,6.09493398354195e-05,8.22457589693489e-77,1.75191613493276e-218,1.25638159788478e-161
0.163384015640561,0.0994634909694107,0.294447956198273,4.6509206352181e-12,1.11969355366568e-28,1.13095823126948e-50,6.99356438111183e-172,2.55909760331598e-66,1.52272976835496e-45,3.210041051999e-165,0
0.476800314515133,0.0191836598442759,0.00107010964888615,0.000659473086865825,4.26845365038938e-242,4.49117623478839e-30,1.44627447643961e-05,2.47071581995892e-81,3.26778403749787e-06,0,0
0.597866499794004,3.10366855885833e-76,0.112822060476103,0.0171250108929836,7.6608383938919e-260,9.28859326080698e-64,2.06201575309704e-161,0.00224234809936692,2.67568934057837e-72,0,1.2482558314592e-05
1,1,7.48515782051912e-167,0.453875696621114,7.13365341543419e-200,0.0559080592226013,0.0827013361893852,0.296721237022174,5.07335182803011e-152,0,2.74821435578115e-84
0.347622075529669,0.144181986005992,1.35799721988321e-132,0.00369268782024981,0.00306400016611024,9.59163378628916e-10,6.80098181965389e-314,3.05679957262305e-05,3.40980064068857e-06,2.18188509579623e-118,2.160934792842e-139
1,0.426965111440556,3.41638543795139e-93,0.325481027462887,7.73023997404656e-93,1.52818477109792e-15,9.32551036366434e-48,0.522777620444255,0.0628755181672783,0,0
0.0631120036195591,1.73447706557528e-31,1.65581349217522e-171,0.000119986393707705,0.034645960377146,2.53365380029313e-86,0,9.9085108239646e-62,3.09036400072175e-67,0,0
0.186774841571074,0.664269837775273,0.0963096433773443,0.105707086173185,0.169014241844327,0.587598437789745,0,9.92240047006957e-37,2.89911171631112e-37,1.23042851643533e-174,0
0.150132195193913,0.526289928680078,6.20956395728871e-86,0.0141405197945901,2.6406150547152e-278,0.0273784860543597,5.6250356432708e-294,0.0162119159398356,1.33299979110658e-95,0,0
0.0631120036195591,0.0266440190156655,0.0745731090230383,0.666917739755701,0,3.6891242200727e-35,0.0114894382476341,0.0483354384411651,0.00165417242108203,1.32691650513128e-199,0
0.0734129478253203,0.163078030251723,1.35840323610309e-66,0.0465233641552828,8.52805724001788e-130,0.00430422446073333,2.0414693001563e-303,5.15241299422002e-319,1.76595953714207e-110,2.55070314121524e-314,0
0.163384015640561,0.240067690874533,9.88656591190439e-156,0.149194879697695,4.91101826506965e-62,0.202608741726891,0.0175516614977111,1.81213417311496e-32,2.70953200685876e-188,4.27664236016493e-216,4.73523189730261e-152
0.296877754332991,2.63100176183444e-12,2.82359874081945e-121,0.687904793025689,7.46346232086998e-201,7.04841935179294e-76,3.53170601813938e-123,0.0297490976605409,9.85303236951637e-106,6.18898925407908e-98,5.25197001380958e-164
0.704966597211251,0.286195223317539,0.810350262599778,0.00403186902197724,0.728961842143218,0.165178977112716,0,0.0320145721034331,0.0144569736956023,0,0
0.150132195193912,0.61894318135164,0.516177774986043,0.033234026170081,0,0.314484519693009,2.80943746764095e-103,3.74311707567344e-52,6.85854611131714e-05,0,0
0.47094976131077,0.276081760337141,8.72309161526787e-81,0.448907391723053,2.24111849577735e-165,2.95991441513936e-41,3.06701867583393e-173,7.17061009563142e-58,3.17716244190781e-37,1.15420827676538e-06,3.2033318817875e-152
