"cohort","e","est.csV","se.csV","est.csU","se.csU","est.SA","se.SA","d_csV_SA","d_csU_SA","se_ratio_csU_SA"
2003,-2,-1.46451590113832e-18,0.0597436522630043,0,0.0597436522630043,3.72939526482874e-14,0.0667686156583719,-3.72954171641885e-14,-3.72939526482874e-14,0.894786445306707
2004,-3,-1.46047241426461e-18,0.0597436522630043,-0.146341463414634,0.0551993371072554,-0.146341463414674,0.061689956746381,0.146341463414674,3.96904731303493e-14,0.894786445291092
2004,-2,0,0.0597436522630043,-0.146341463414634,0.0551993371072554,-0.14634146341467,0.0616899567464691,0.14634146341467,3.61932706027801e-14,0.894786445289814
2008,-7,-1.46620996703193e-18,0.0597436522630043,-0.048780487804878,0.0685640905852417,-0.0487804878047687,0.076626206111147,0.0487804878047687,-1.0937778460729e-13,0.894786445329015
2008,-6,1,0.0597436522630043,0.951219512195122,0.0685640905852417,0.95121951219527,0.0766262061112448,0.0487804878047304,-1.47659662275146e-13,0.894786445327873
2008,-5,-0.853658536585366,0.0551993371072554,0.0975609756097561,0.0463398979039868,0.0975609756098749,0.0517887794907367,-0.951219512195241,-1.18835496998315e-13,0.894786445242939
2008,-4,-0.292682926829268,0.0710581402576519,-0.195121951219512,0.0618908116770492,-0.195121951219415,0.0691682490285995,-0.0975609756098533,-9.72277813815481e-14,0.894786445316242
2008,-3,0.195121951219512,0.0788036075349715,-1.47748939143268e-18,0.0597436522630043,1.12871333423082e-13,0.0667686156581153,0.195121951219399,-1.12872810912474e-13,0.894786445310146
2008,-2,0.024390243902439,0.0644179991737373,0.024390243902439,0.0544050606314035,0.0243902439025512,0.0608022851907094,-1.12118647699333e-13,-1.12122117146285e-13,0.894786445291643
2009,-8,1.37319964505345e-18,0.210678975022034,0.024390243902439,0.212051892583301,0.024390243902396,0.236986035801867,-0.024390243902396,4.30280810981287e-14,0.894786445394562
2009,-7,0,0.29189374273346,0.024390243902439,0.214838946989136,0.0243902439023987,0.240100806281383,-0.0243902439023987,4.03357902634127e-14,0.894786445395598
2009,-6,0.00348432055749132,0.24770144270463,0.0278745644599303,0.144727124028705,0.0278745644598913,0.161744877534639,-0.0243902439023999,3.90382171033821e-14,0.894786445386565
2009,-5,-0.292682926829268,0.0710581402576519,-0.264808362369338,0.149946434448959,-0.264808362369388,0.167577901097891,-0.0278745644598804,4.9960036108132e-14,0.894786445387972
2009,-4,0.0522648083623694,0.153956876854489,-0.212543554006969,0.185412757481412,-0.212543554007012,0.207214535307504,0.264808362369381,4.29933866286092e-14,0.894786445392268
2009,-3,0.167247386759582,0.249917419397733,-0.0452961672473867,0.250671019523814,-0.0452961672474301,0.280146196685561,0.212543554007012,4.33333924299006e-14,0.894786445397186
2009,-2,0.118466898954704,0.247525652252815,0.0731707317073171,0.0635106580912421,0.0731707317072744,0.0709785652470247,0.0452961672474295,4.27019530846451e-14,0.894786445319199
2012,-11,-1.46451590113832e-18,0.0597436522630043,0.048780487804878,0.0592559408206494,0.0487804878051578,0.066223556616841,-0.0487804878051578,-2.79748446629924e-13,0.894786445305179
2012,-10,1,0.0597436522630043,1.04878048780488,0.0592559408206494,1.04878048780519,0.0662235566169459,-0.0487804878051918,-3.13749026759069e-13,0.89478644530376
2012,-9,-0.853658536585366,0.0551993371072554,0.195121951219512,0.0618908116770492,0.195121951219801,0.0691682490289374,-1.04878048780517,-2.89074320036775e-13,0.894786445311871
2012,-8,-0.292682926829268,0.0710581402576519,-0.0975609756097561,0.0756087966011542,-0.0975609756094867,0.084499264595032,-0.195121951219782,-2.6942337250091e-13,0.894786445343804
2012,-7,1.19512195121951,0.0788036075349715,1.09756097560976,0.0756087966011542,1.09756097561007,0.0844992645950349,0.0975609756094415,-3.14415160573844e-13,0.894786445343773
2012,-6,-0.975609756097561,0.0644179991737373,0.121951219512195,0.0616559310890098,0.121951219512478,0.0689057499829152,-1.09756097561004,-2.83342793672148e-13,0.894786445315479
2012,-5,-0.024390243902439,0.0544050606314035,0.0975609756097561,0.0672824057851217,0.0975609756100403,0.0751938142744991,-0.121951219512479,-2.84189338728424e-13,0.894786445325191
2012,-4,-0.0731707317073171,0.0635106580912421,0.024390243902439,0.0644179991737374,0.0243902439027284,0.0719925961222921,-0.0975609756100454,-2.89337998005124e-13,0.894786445321573
2012,-3,-0.0731707317073171,0.0635106580912421,-0.048780487804878,0.0592559408206494,-0.0487804878046021,0.0662235566165873,-0.0243902439027149,-2.75890421619351e-13,0.894786445308606
2012,-2,0,0.0771287234187409,-0.048780487804878,0.0767515635868232,-0.0487804878046044,0.0857764039521088,0.0487804878046044,-2.73628342206678e-13,0.894786445345453
2013,-12,0.333333333333333,0.278645613745842,0.455284552845528,0.283293247189213,0.455284552845527,0.316604312287807,-0.121951219512194,1.60982338570648e-15,0.89478644539651
2013,-11,-0.333333333333333,0.278645613745842,0.121951219512195,0.0786192713584562,0.121951219512195,0.0878637263308346,-0.455284552845528,8.32667268468867e-17,0.894786445346398
2013,-10,0.479674796747968,0.277706753412938,0.601626016260163,0.28082408156465,0.601626016260164,0.313844809573752,-0.121951219512197,-1.77635683940025e-15,0.894786445396535
2013,-9,-0.292682926829268,0.0710581402576519,0.308943089430894,0.285994854284731,0.30894308943089,0.319623588126558,-0.601626016260159,3.88578058618805e-15,0.894786445396792
2013,-8,0.528455284552846,0.283344459332805,0.83739837398374,0.284774660247633,0.83739837398374,0.318259917450222,-0.308943089430895,-3.33066907387547e-16,0.894786445397019
2013,-7,-0.308943089430894,0.279685095583625,0.528455284552846,0.283344459332806,0.528455284552844,0.31666154621644,-0.837398373983739,1.11022302462516e-15,0.894786445396618
2013,-6,-0.357723577235772,0.277549967927184,0.170731707317073,0.0838005551597398,0.170731707317071,0.0936542519111326,-0.528455284552844,1.9151347174784e-15,0.89478644535282
2013,-5,-0.0731707317073171,0.0635106580912421,0.0975609756097561,0.0672824057851217,0.0975609756097619,0.075193814274135,-0.170731707317079,-5.77315972805081e-15,0.894786445329524
2013,-4,-0.0731707317073171,0.0635106580912421,0.024390243902439,0.0878577407134421,0.0243902439024365,0.0981885020376741,-0.0975609756097536,2.51534904016637e-15,0.894786445359273
2013,-3,0,0.077128723418741,0.024390243902439,0.0878577407134421,0.0243902439024354,0.0981885020376694,-0.0243902439024354,3.66026653431106e-15,0.894786445359315
2013,-2,0.382113821138211,0.282780615649475,0.40650406504065,0.281598021584843,0.406504065040645,0.31470975340947,-0.0243902439024332,5.82867087928207e-15,0.894786445396419
2014,-13,-1.46620996703193e-18,0.0597436522630043,0.0975609756097561,0.0756087966011542,0.0975609756098722,0.0844992645952553,-0.0975609756098722,-1.16143206163599e-13,0.894786445341439
2014,-12,0,0.0597436522630043,0.0975609756097561,0.0831051028440229,0.0975609756098759,0.0928770247647805,-0.0975609756098759,-1.19751430993631e-13,0.894786445350658
2014,-11,0.146341463414634,0.0551993371072554,0.24390243902439,0.0670664103455861,0.243902439024516,0.0749524209894081,-0.0975609756098816,-1.25482957358258e-13,0.894786445324608
2014,-10,-0.292682926829268,0.0710581402576519,-0.048780487804878,0.0767515635868232,-0.0487804878047739,0.0857764039521253,-0.243902439024494,-1.04159736391551e-13,0.894786445345281
2014,-9,0.195121951219512,0.0788036075349715,0.146341463414634,0.0736648003293451,0.146341463414753,0.0823266833253224,0.0487804878047587,-1.19348975147204e-13,0.894786445340583
2014,-8,0.024390243902439,0.0644179991737373,0.170731707317073,0.076372541203234,0.170731707317192,0.0853528141832859,-0.146341463414753,-1.19015908239817e-13,0.894786445344757
2014,-7,-0.024390243902439,0.0544050606314035,0.146341463414634,0.0650902051949551,0.146341463414754,0.0727438435566419,-0.170731707317193,-1.19515508600898e-13,0.894786445319907
2014,-6,-0.0731707317073171,0.0635106580912421,0.0731707317073171,0.0635106580912421,0.0731707317074415,0.070978565247022,-0.146341463414759,-1.24442123272672e-13,0.894786445319235
2014,-5,-0.0731707317073171,0.0635106580912421,0,0.0844902832960428,1.10246214076097e-13,0.0944250817998831,-0.0731707317074273,-1.10246214076097e-13,0.894786445354685
2014,-4,0,0.0771287234187409,0,0.0844902832960428,1.08750987968799e-13,0.094425081799872,-1.08750987968799e-13,-1.08750987968799e-13,0.894786445354791
2014,-3,0.048780487804878,0.0767515635868232,0.048780487804878,0.0767515635868232,0.0487804878049889,0.0857764039524133,-1.10918219053957e-13,-1.10918219053957e-13,0.894786445342277
2014,-2,-0.0731707317073171,0.0722728973158236,-0.024390243902439,0.087857740713442,-0.0243902439023327,0.0981885020379597,-0.0487804878049843,-1.0632467128957e-13,0.89478644535667
2017,-16,-0.333333333333333,0.278645613745842,0.764227642276423,0.278228733611514,0.764227642276806,0.310944287369606,-1.09756097561014,-3.83582055007992e-13,0.89478644539559
2017,-15,0,0.0597436522630043,0.764227642276423,0.280358692039872,0.764227642276808,0.313324697174999,-0.764227642276808,-3.85358411847392e-13,0.894786445395607
2017,-14,-0.186991869918699,0.277706753412938,0.577235772357724,0.280306934396416,0.577235772358109,0.313266853603086,-0.764227642276808,-3.84914322637542e-13,0.894786445397665
2017,-13,0.0406504065040651,0.281288701107866,0.617886178861789,0.284876542702865,0.617886178862168,0.318373779764634,-0.577235772358103,-3.79030140607028e-13,0.894786445395932
2017,-12,0.528455284552846,0.283344459332806,1.14634146341463,0.0813404622731099,1.14634146341503,0.0909048887536559,-0.617886178862181,-3.92130772297605e-13,0.894786445353179
2017,-11,-0.308943089430894,0.279685095583625,0.83739837398374,0.282677977783756,0.837398373984126,0.315916696367358,-1.14634146341502,-3.85580456452317e-13,0.894786445395874
2017,-10,-0.024390243902439,0.0544050606314036,0.813008130081301,0.284060459896969,0.813008130081686,0.317461737779616,-0.837398373984125,-3.84581255730154e-13,0.894786445395715
2017,-9,-0.0731707317073171,0.0635106580912421,0.739837398373984,0.285791850392868,0.739837398374375,0.319396714001876,-0.813008130081692,-3.91575660785293e-13,0.894786445395896
2017,-8,-0.0731707317073171,0.0635106580912421,0.666666666666667,0.284978388734163,0.666666666667049,0.318487601371815,-0.739837398374366,-3.82360809680904e-13,0.894786445395933
2017,-7,0,0.077128723418741,0.666666666666667,0.287058269417135,0.666666666667047,0.320812045035053,-0.666666666667047,-3.80695475143966e-13,0.894786445395995
2017,-6,0.048780487804878,0.0767515635868232,0.715447154471545,0.28066903746558,0.715447154471925,0.313671534598948,-0.666666666667047,-3.80029341329191e-13,0.894786445395615
2017,-5,-0.40650406504065,0.281598021584843,0.308943089430894,0.285994854284731,0.308943089431271,0.319623588126214,-0.715447154471921,-3.76587649952853e-13,0.894786445397756
2017,-4,0.691056910569106,0.285994854284731,1,0.0975609756097561,1.00000000000039,0.109032692789485,-0.308943089431281,-3.86357612569554e-13,0.894786445365723
2017,-3,-0.357723577235772,0.288067396059647,0.642276422764228,0.279685095583625,0.642276422764609,0.31257189581131,-1.00000000000038,-3.80806497446429e-13,0.89478644539579
2017,-2,0.048780487804878,0.0685640905852417,0.691056910569106,0.279685095583625,0.69105691056949,0.312571895811308,-0.642276422764612,-3.84137166520304e-13,0.894786445395795
2018,-17,-1.46907145870949e-18,0.0597436522630043,0.382113821138211,0.284876542702865,0.38211382113837,0.318373779764557,-0.38211382113837,-1.58928425975091e-13,0.894786445396152
2018,-16,0,0.0597436522630043,0.382113821138211,0.282780615649475,0.382113821138374,0.316031402916826,-0.382113821138374,-1.62647673107585e-13,0.894786445396055
2018,-15,-0.186991869918699,0.277706753412938,0.195121951219512,0.0618908116770491,0.195121951219675,0.0691682490288371,-0.382113821138374,-1.62675428683201e-13,0.894786445313168
2018,-14,0.040650406504065,0.281288701107866,0.235772357723577,0.286653624062266,0.235772357723733,0.32035981941512,-0.195121951219668,-1.55347956720675e-13,0.89478644539633
2018,-13,-0.138211382113821,0.283344459332806,0.0975609756097561,0.083105102844023,0.0975609756099161,0.0928770247644279,-0.235772357723737,-1.60038648999716e-13,0.894786445354055
2018,-12,0.357723577235772,0.279685095583625,0.455284552845528,0.281185518666534,0.455284552845689,0.314248746293906,-0.0975609756099168,-1.60760293965723e-13,0.894786445396192
2018,-11,-0.024390243902439,0.0544050606314036,0.430894308943089,0.282472590170354,0.430894308943249,0.315687158230618,-0.455284552845689,-1.59983137848485e-13,0.894786445396046
2018,-10,-0.0731707317073171,0.475663563785797,0.357723577235772,0.281804046611937,0.35772357723594,0.31494000390996,-0.430894308943258,-1.68032254777017e-13,0.894786445397084
2018,-9,0.260162601626016,0.548023630865932,0.617886178861789,0.282780615649475,0.617886178861949,0.316031402916709,-0.357723577235933,-1.60538249360798e-13,0.894786445396387
2018,-8,0,0.077128723418741,0.617886178861789,0.28066903746558,0.617886178861949,0.313671534598697,-0.617886178861949,-1.59983137848485e-13,0.894786445396331
2018,-7,0.048780487804878,0.0767515635868232,0.666666666666667,0.280772409711207,0.666666666666825,0.313787061880327,-0.617886178861947,-1.57873714101697e-13,0.894786445396172
2018,-6,-0.739837398373984,0.281598021584843,-0.0731707317073171,0.0800820809024373,-0.0731707317071612,0.0894985404827166,-0.666666666666823,-1.55916946020795e-13,0.894786445348819
2018,-5,0.357723577235772,0.285994854284731,0.284552845528455,0.284876542702865,0.284552845528613,0.318373779764377,0.0731707317071595,-1.57596158345541e-13,0.894786445396657
2018,-4,-0.0243902439024391,0.0943861780056346,0.260162601626016,0.285791850392868,0.260162601626174,0.319396714001549,-0.284552845528613,-1.57707180648003e-13,0.894786445396812
2018,-3,0.0487804878048781,0.476364625827741,0.308943089430894,0.288067396059647,0.308943089431055,0.321939829935666,-0.260162601626177,-1.60427227058335e-13,0.894786445396371
2018,-2,-0.024390243902439,0.0644179991737374,0.284552845528455,0.2890228028596,0.284552845528588,0.323007578340747,-0.308943089431027,-1.32893696047631e-13,0.894786445396348
2019,-18,-1.46620996703193e-18,0.0597436522630043,0.024390243902439,0.0808035556645219,0.0243902439027793,0.0903048499276621,-0.0243902439027793,-3.40241723684187e-13,0.894786445348714
2019,-17,0,0.0597436522630043,0.024390243902439,0.0730715171102158,0.0243902439027837,0.0816636388392578,-0.0243902439027837,-3.44699963017447e-13,0.894786445336409
2019,-16,0.146341463414634,0.0551993371072554,0.170731707317073,0.058764181772214,0.170731707317422,0.0656739740311753,-0.0243902439027876,-3.48582274156684e-13,0.894786445302044
2019,-15,-0.292682926829268,0.0710581402576519,-0.121951219512195,0.0925231096505972,-0.121951219511865,0.103402448852624,-0.170731707317404,-3.30374616552831e-13,0.894786445362308
2019,-14,0.195121951219512,0.0788036075349715,0.0731707317073171,0.0722728973158236,0.0731707317076606,0.0807711132553901,0.121951219511852,-3.43544637182447e-13,0.894786445338497
2019,-13,0.024390243902439,0.0644179991737373,0.0975609756097561,0.0756087966011542,0.0975609756100992,0.0844992645950473,-0.0731707317076602,-3.4314218133602e-13,0.894786445343642
2019,-12,-0.024390243902439,0.0544050606314035,0.0731707317073171,0.0800820809024373,0.0731707317076577,0.0894985404829007,-0.0975609756100967,-3.4060254616719e-13,0.894786445346978
2019,-11,0.926829268292683,0.0635106580912421,1,0.0689860274328339,1.00000000000038,0.0770977564454455,-0.0731707317076958,-3.78808096002103e-13,0.89478644533124
2019,-10,-1.07317073170732,0.0635106580912421,-0.0731707317073171,0.0800820809024373,-0.0731707317069803,0.089498540482629,-1.00000000000034,-3.3673064336881e-13,0.894786445349694
2019,-9,0,0.0771287234187409,-0.0731707317073171,0.0937692682713605,-0.0731707317069826,0.104795137160679,0.0731707317069826,-3.34426930592713e-13,0.894786445363271
2019,-8,1.04878048780488,0.0767515635868232,0.975609756097561,0.0878577407134421,0.975609756097928,0.0981885020380412,0.0731707317069497,-3.67372798848464e-13,0.894786445355927
2019,-7,-0.0731707317073171,0.0722728973158236,0.902439024390244,0.0831051028440229,0.902439024390602,0.0928770247646855,-0.975609756097919,-3.58491014651463e-13,0.894786445351573
2019,-6,0.024390243902439,0.087857740713442,0.926829268292683,0.0871946539468186,0.926829268293043,0.0974474461469856,-0.902439024390604,-3.60156349188401e-13,0.894786445355354
2019,-5,-1.02439024390244,0.0943861780056346,-0.0975609756097561,0.0899790315237753,-0.0975609756094223,0.100559225042315,-0.926829268293017,-3.33816307929169e-13,0.89478644536006
2019,-4,1.04878048780488,0.0685640905852417,0.951219512195122,0.0767515635868232,0.951219512195486,0.0857764039521009,0.0975609756093926,-3.63598040564739e-13,0.894786445345536
2019,-3,-0.024390243902439,0.0644179991737374,0.926829268292683,0.0871946539468186,0.92682926829302,0.0974474461468029,-0.951219512195459,-3.37063710276198e-13,0.894786445357032
2019,-2,-0.951219512195122,0.0972630788056029,-0.024390243902439,0.087857740713442,-0.0243902439021049,0.0981885020379912,-0.926829268293017,-3.3415631373046e-13,0.894786445356382
2020,-19,-1.46451590113832e-18,0.0597436522630043,0.0975609756097561,0.0672824057851217,0.0975609756098838,0.0751938142744011,-0.0975609756098838,-1.27731158983124e-13,0.894786445326358
2020,-18,0,0.0597436522630043,0.0975609756097561,0.0672824057851217,0.097560975609888,0.075193814274498,-0.097560975609888,-1.31852861962045e-13,0.894786445325205
2020,-17,0.146341463414634,0.0551993371072554,0.24390243902439,0.0670664103455861,0.243902439024526,0.0749524209893852,-0.0975609756098921,-1.36002320516582e-13,0.894786445324882
2020,-16,-0.292682926829268,0.0710581402576519,-0.048780487804878,0.0767515635868231,-0.04878048780476,0.0857764039521051,-0.243902439024508,-1.18002829729846e-13,0.894786445345492
2020,-15,0.195121951219512,0.0788036075349715,0.146341463414634,0.0813404622731099,0.146341463414765,0.0909048887538459,0.0487804878047468,-1.31283872661925e-13,0.894786445351309
2020,-14,0.024390243902439,0.0644179991737373,0.170731707317073,0.0681395410506905,0.170731707317204,0.0761517358764927,-0.146341463414765,-1.30562227695918e-13,0.894786445330717
2020,-13,-0.024390243902439,0.0544050606314035,0.146341463414634,0.0736648003293451,0.146341463414766,0.0823266833256046,-0.170731707317205,-1.31533672842465e-13,0.894786445337516
2020,-12,-0.0731707317073171,0.0635106580912421,0.0731707317073171,0.0635106580912421,0.0731707317074534,0.0709785652470316,-0.14634146341477,-1.36321509636161e-13,0.894786445319113
2020,-11,-0.0731707317073171,0.0635106580912421,0,0.0771287234187409,1.24120332067879e-13,0.0861979121609543,-0.0731707317074412,-1.24120332067879e-13,0.894786445345929
2020,-10,0,0.0771287234187409,0,0.0689860274328339,1.21878418815613e-13,0.077097756445323,-1.21878418815613e-13,-1.21878418815613e-13,0.894786445332662
2020,-9,0.048780487804878,0.0767515635868232,0.048780487804878,0.0685640905852417,0.0487804878050015,0.0766262061112422,-1.23505372595645e-13,-1.23498433701741e-13,0.894786445327904
2020,-8,-0.0731707317073171,0.0722728973158236,-0.024390243902439,0.0878577407134421,-0.0243902439023189,0.0981885020379434,-0.0487804878049981,-1.20098375688826e-13,0.894786445356818
2020,-7,0.024390243902439,0.087857740713442,0,0.0844902832960428,1.21665264668502e-13,0.0944250818001081,0.0243902439023174,-1.21665264668502e-13,0.894786445352553
2020,-6,-0.024390243902439,0.0943861780056346,-0.024390243902439,0.0730715171102158,-0.024390243902318,0.0816636388389428,-1.20990023555478e-13,-1.20983084661574e-13,0.89478644533986
2020,-5,0.048780487804878,0.0685640905852417,0.024390243902439,0.0878577407134421,0.0243902439025653,0.0981885020377714,0.0243902439023128,-1.2623235789988e-13,0.894786445358386
2020,-4,-0.024390243902439,0.0644179991737374,0,0.0844902832960428,9.85544111598013e-14,0.0944250817999136,-0.0243902439025376,-9.85544111598013e-14,0.894786445354396
2020,-3,0.048780487804878,0.0972630788056029,0.048780487804878,0.0767515635868232,0.0487804878049978,0.0857764039523411,-1.19758369887535e-13,-1.19751430993631e-13,0.894786445343031
2020,-2,0.024390243902439,0.087857740713442,0.0731707317073171,0.0871946539468186,0.0731707317074366,0.0974474461469779,-0.0487804878049975,-1.19515508600898e-13,0.894786445355425
