"estimator","cohort","weight","n_treated","n_leads","wald","p"
"CS",2001,0.0609756097560976,1,0,NA,NA
"CS",2002,0.289634146341463,5,1,0.0436988858213883,0.83441483903185
"CS",2003,0.0548780487804878,1,2,8.70524009408165e-36,1
"CS",2004,0.103658536585366,2,3,0.198799353498037,0.977782890087761
"CS",2008,0.0396341463414634,1,7,6.94500531501039,0.43462829503775
"CS",2009,0.25609756097561,7,8,0.442038833102697,0.999916630552771
"CS",2012,0.0274390243902439,1,11,16.4547917599972,0.125068942573814
"CS",2013,0.0731707317073171,3,12,0.686983135956718,0.999998299025536
"CS",2014,0.0213414634146341,1,13,0.740169611468061,0.999999393344976
"CS",2017,0.0365853658536585,3,16,7.33664001455552,0.966213786876463
"CS",2018,0.0274390243902439,3,17,4.22579763901071,0.999252798588561
"CS",2019,0.00609756097560976,1,18,42.4169842837068,0.000966782562144553
"CS",2020,0.00304878048780488,1,19,1.12209498628582,0.999999997806031
"SA",2001,0.0609756097560976,1,0,NA,NA
"SA",2002,0.289634146341463,5,1,2.48409102619753,0.115002772496046
"SA",2003,0.0548780487804878,1,2,3.24486872871875e-25,1
"SA",2004,0.103658536585366,2,3,11.3008759988159,0.0102053649851132
"SA",2008,0.0396341463414634,1,7,394.79325486888,3.11899146085086e-81
"SA",2009,0.25609756097561,7,8,25.1279792936012,0.00147879010283146
"SA",2012,0.0274390243902439,1,11,935.383127952679,1.52857061031558e-193
"SA",2013,0.0731707317073171,3,12,39.051994351786,0.000103178034160047
"SA",2014,0.0213414634146341,1,13,42.0754134457984,6.36589801828115e-05
"SA",2017,0.0365853658536585,3,16,417.055979128938,9.6365074185828e-79
"SA",2018,0.0274390243902439,3,17,240.218160812584,2.06378409085007e-41
"SA",2019,0.00609756097560976,1,18,2411.22051138898,0
"SA",2020,0.00304878048780488,1,19,63.7862048170044,9.60231911540952e-07
"stacked",2004,0.0565132521072387,2,3,1.15329376053589,0.32609720133616
"stacked",2008,0.0511999646575676,1,3,2.49174300398646,0.0583045319038168
"stacked",2009,0.369198922441792,8,3,1.24799919821615,0.290569796909743
"stacked",2012,0.0531691940674741,1,3,1.3938910642783,0.242616426674086
"stacked",2013,0.153186991031916,3,3,0.996113956556885,0.393503573192235
"stacked",2014,0.0482461205427079,1,3,2.00035142906658,0.111682192023131
"stacked",2017,0.100160724905484,3,3,789.845534192756,0
"stacked",2018,0.0798256408421529,3,3,2.68275940220328,0.0451533447456554
"stacked",2019,0.0187076793941112,1,3,1606.06817844845,0
"stacked",2020,0.00984614704953222,1,3,0.88599690095236,0.447541728712471
