cohort,n_post,A_CS,w_simple,w_group
2001,20,-0.039024,0.060976,0.033333
2002,19,0.222080,0.289634,0.166667
2003,18,-0.043360,0.054878,0.033333
2004,17,-0.259684,0.103659,0.066667
2008,13,-0.045028,0.039634,0.033333
2009,12,-0.171893,0.256098,0.233333
2012,9,0.195122,0.027439,0.033333
2013,8,0.301829,0.073171,0.100000
2014,7,-0.111498,0.021341,0.033333
2017,4,0.721545,0.036585,0.100000
2018,3,0.230352,0.027439,0.100000
2019,2,-0.024390,0.006098,0.033333
2020,1,0.097561,0.003049,0.033333
OVERALL_simple,,0.044765,,
OVERALL_group,,0.105945,,
