"estimator","cohort","n_treated","n_pre","rank","cond","wald","df","p","ginv_p","rank_deficient"
"CS(varying)",2001,1,0,NA,NA,NA,NA,NA,NA,""
"CS(varying)",2002,5,1,1,1,3.10262089331857,1,0.078166359321569,0.078166359321569,""
"CS(varying)",2003,1,2,2,1.4,6.18072046679797e-34,2,1,1,""
"CS(varying)",2004,2,3,3,5.90873706970482,14.1147540983607,3,0.00275304179195146,0.00275304179195146,""
"CS(varying)",2008,1,7,7,59.5914501455045,493.095377365738,7,2.44502647388129e-102,2.44502647388129e-102,""
"CS(varying)",2009,7,8,8,511.231715002999,31.3847571502915,8,0.000119984645749198,0.000119984645749198,""
"CS(varying)",2012,1,11,11,150.092296632834,1168.2902149598,11,1.10367839964253e-243,1.10367839964253e-243,""
"CS(varying)",2013,3,12,12,4932.90247952089,48.775802652927,12,2.28917228242752e-06,2.28917228242752e-06,""
"CS(varying)",2014,1,13,13,161.20597907001,52.5520424142323,13,1.08114260572918e-06,1.08114260572918e-06,""
"CS(varying)",2017,3,16,16,16008.3293203083,520.901441033473,16,1.27974301278259e-100,1.27974301278259e-100,""
"CS(varying)",2018,3,17,17,32094.4325331426,300.031632369771,17,1.1089413734135e-53,1.1089413734135e-53,""
"CS(varying)",2019,1,18,18,853.513327149841,3011.60588414319,18,0,0,""
"CS(varying)",2020,1,19,19,901.55247347686,79.6687440262941,19,2.12076419260523e-09,2.12076419260523e-09,""
"CS(universal)",2001,1,1,0,Inf,0,0,NA,1,"YES"
"CS(universal)",2002,5,2,1,Inf,3.10262089331857,1,NA,0.078166359321569,"YES"
"CS(universal)",2003,1,3,2,Inf,1.7079170629125e-33,2,NA,1,"YES"
"CS(universal)",2004,2,4,3,Inf,14.1147540983607,3,NA,0.00275304179195144,"YES"
"CS(universal)",2008,1,8,7,Inf,493.095377365738,7,NA,2.44502647388115e-102,"YES"
"CS(universal)",2009,7,9,8,Inf,31.3847571502918,8,NA,0.000119984645749186,"YES"
"CS(universal)",2012,1,12,11,Inf,1168.2902149598,11,NA,1.1036783996429e-243,"YES"
"CS(universal)",2013,3,13,12,Inf,48.7758026529268,12,NA,2.28917228242772e-06,"YES"
"CS(universal)",2014,1,14,13,Inf,52.5520424142325,13,NA,1.08114260572909e-06,"YES"
"CS(universal)",2017,3,17,16,Inf,520.90144103359,16,NA,1.27974301270945e-100,"YES"
"CS(universal)",2018,3,18,17,Inf,300.031632369781,17,NA,1.1089413734085e-53,"YES"
"CS(universal)",2019,1,19,18,Inf,3011.60588414322,18,NA,0,"YES"
"CS(universal)",2020,1,20,19,Inf,79.6687440262971,19,NA,2.1207641926027e-09,"YES"
"SA",2001,1,0,NA,NA,NA,NA,NA,NA,""
"SA",2002,5,1,1,1,2.48409102619753,1,0.115002772496046,0.115002772496046,""
"SA",2003,1,2,2,5.11893248120502,3.24486872871875e-25,2,1,1,""
"SA",2004,2,3,3,3.75189390437597,11.3008759988159,3,0.0102053649851131,0.0102053649851131,""
"SA",2008,1,7,7,29.5712030517239,394.793254868881,7,3.11899146085059e-81,3.11899146085059e-81,""
"SA",2009,7,8,8,87.2445503673711,25.1279792936012,8,0.00147879010283147,0.00147879010283147,""
"SA",2012,1,11,11,69.2606766124455,935.383127952678,11,1.52857061031601e-193,1.52857061031601e-193,""
"SA",2013,3,12,12,558.236481667252,39.051994351786,12,0.000103178034160046,0.000103178034160046,""
"SA",2014,1,13,13,133.017960324321,42.0754134457984,13,6.36589801828098e-05,6.36589801828098e-05,""
"SA",2017,3,16,16,3651.17325650104,417.055979128937,16,9.63650741858651e-79,9.63650741858651e-79,""
"SA",2018,3,17,17,2990.28700725077,240.218160812585,17,2.06378409084878e-41,2.06378409084878e-41,""
"SA",2019,1,18,18,397.377037314669,2411.22051138898,18,0,0,""
"SA",2020,1,19,19,330.33574970786,63.7862048170045,19,9.60231911540935e-07,9.60231911540935e-07,""
