"estimator","cohort","n_pre","n_treated","n_control","wald","df","p","ratio","restr_ge_treated"
"CS",2002,1,5,41,3.10262089331857,1,0.078166359321569,0.2,""
"CS",2003,2,1,41,6.18072046679797e-34,2,1,2,"YES"
"CS",2004,3,2,41,14.1147540983607,3,0.00275304179195146,1.5,"YES"
"CS",2008,7,1,41,493.095377365738,7,2.44502647388129e-102,7,"YES"
"CS",2009,8,7,41,31.3847571502915,8,0.000119984645749198,1.14,"YES"
"CS",2012,11,1,41,1168.2902149598,11,1.10367839964253e-243,11,"YES"
"CS",2013,12,3,41,48.775802652927,12,2.28917228242752e-06,4,"YES"
"CS",2014,13,1,41,52.5520424142323,13,1.08114260572918e-06,13,"YES"
"CS",2017,16,3,41,520.901441033473,16,1.27974301278259e-100,5.33,"YES"
"CS",2018,17,3,41,300.031632369771,17,1.1089413734135e-53,5.67,"YES"
"CS",2019,18,1,41,3011.60588414319,18,0,18,"YES"
"CS",2020,19,1,41,79.6687440262941,19,2.12076419260523e-09,19,"YES"
"SA",2002,1,5,41,2.48409102619753,1,0.115002772496046,0.2,""
"SA",2003,2,1,41,3.24486872871875e-25,2,1,2,"YES"
"SA",2004,3,2,41,11.3008759988159,3,0.0102053649851131,1.5,"YES"
"SA",2008,7,1,41,394.793254868881,7,3.11899146085059e-81,7,"YES"
"SA",2009,8,7,41,25.1279792936012,8,0.00147879010283147,1.14,"YES"
"SA",2012,11,1,41,935.383127952678,11,1.52857061031601e-193,11,"YES"
"SA",2013,12,3,41,39.051994351786,12,0.000103178034160046,4,"YES"
"SA",2014,13,1,41,42.0754134457984,13,6.36589801828098e-05,13,"YES"
"SA",2017,16,3,41,417.055979128937,16,9.63650741858651e-79,5.33,"YES"
"SA",2018,17,3,41,240.218160812585,17,2.06378409084878e-41,5.67,"YES"
"SA",2019,18,1,41,2411.22051138898,18,0,18,"YES"
"SA",2020,19,1,41,63.7862048170045,19,9.60231911540935e-07,19,"YES"
