"scheme","cohort","weight","n_g","n_c","k","k_over_n","no_pre","no_controls","size","gate","h_post","mde_trend_slope","mde_trend_bias","mde_jump","mde_rel_tbias","mde_rel_jump"
"CS group",2001,0.033333,1,41,0,0,TRUE,FALSE,FALSE,"no_pre",9.5,NA,NA,NA,NA,NA
"CS simple",2001,0.060976,1,41,0,0,TRUE,FALSE,FALSE,"no_pre",9.5,NA,NA,NA,NA,NA
"SA",2001,0.0609756097560976,1,41,0,0,TRUE,FALSE,FALSE,"no_pre",9.5,NA,NA,NA,NA,NA
"CS group",2002,0.166667,5,41,1,0.2,FALSE,FALSE,FALSE,"ok",9,0.61877145908203,5.56894313173827,0.61877145908203,52.5646799243301,5.84051999159223
"CS simple",2002,0.289634,5,41,1,0.2,FALSE,FALSE,FALSE,"ok",9,0.61877145908203,5.56894313173827,0.61877145908203,124.403899062486,13.8226554513873
"SA",2002,0.289634146341463,5,41,1,0.2,FALSE,FALSE,FALSE,"ok",9,0.61877145908203,5.56894313173827,0.61877145908203,124.403899062423,13.8226554513803
"CS group",2003,0.033333,1,41,2,2,FALSE,FALSE,TRUE,"size",8.5,NA,NA,NA,NA,NA
"CS simple",2003,0.054878,1,41,2,2,FALSE,FALSE,TRUE,"size",8.5,NA,NA,NA,NA,NA
"SA",2003,0.0548780487804878,1,41,2,2,FALSE,FALSE,TRUE,"size",8.5,NA,NA,NA,NA,NA
"CS group",2004,0.066667,2,41,3,1.5,FALSE,FALSE,TRUE,"size",8,NA,NA,NA,NA,NA
"CS simple",2004,0.103659,2,41,3,1.5,FALSE,FALSE,TRUE,"size",8,NA,NA,NA,NA,NA
"SA",2004,0.103658536585366,2,41,3,1.5,FALSE,FALSE,TRUE,"size",8,NA,NA,NA,NA,NA
"CS group",2008,0.033333,1,41,7,7,FALSE,FALSE,TRUE,"size",6,NA,NA,NA,NA,NA
"CS simple",2008,0.039634,1,41,7,7,FALSE,FALSE,TRUE,"size",6,NA,NA,NA,NA,NA
"SA",2008,0.0396341463414634,1,41,7,7,FALSE,FALSE,TRUE,"size",6,NA,NA,NA,NA,NA
"CS group",2009,0.233333,7,41,8,1.14285714285714,FALSE,FALSE,TRUE,"size",5.5,NA,NA,NA,NA,NA
"CS simple",2009,0.256098,7,41,8,1.14285714285714,FALSE,FALSE,TRUE,"size",5.5,NA,NA,NA,NA,NA
"SA",2009,0.25609756097561,7,41,8,1.14285714285714,FALSE,FALSE,TRUE,"size",5.5,NA,NA,NA,NA,NA
"CS group",2012,0.033333,1,41,11,11,FALSE,FALSE,TRUE,"size",4,NA,NA,NA,NA,NA
"CS simple",2012,0.027439,1,41,11,11,FALSE,FALSE,TRUE,"size",4,NA,NA,NA,NA,NA
"SA",2012,0.0274390243902439,1,41,11,11,FALSE,FALSE,TRUE,"size",4,NA,NA,NA,NA,NA
"CS group",2013,0.1,3,41,12,4,FALSE,FALSE,TRUE,"size",3.5,NA,NA,NA,NA,NA
"CS simple",2013,0.073171,3,41,12,4,FALSE,FALSE,TRUE,"size",3.5,NA,NA,NA,NA,NA
"SA",2013,0.0731707317073171,3,41,12,4,FALSE,FALSE,TRUE,"size",3.5,NA,NA,NA,NA,NA
"CS group",2014,0.033333,1,41,13,13,FALSE,FALSE,TRUE,"size",3,NA,NA,NA,NA,NA
"CS simple",2014,0.021341,1,41,13,13,FALSE,FALSE,TRUE,"size",3,NA,NA,NA,NA,NA
"SA",2014,0.0213414634146341,1,41,13,13,FALSE,FALSE,TRUE,"size",3,NA,NA,NA,NA,NA
"CS group",2017,0.1,3,41,16,5.33333333333333,FALSE,FALSE,TRUE,"size",1.5,NA,NA,NA,NA,NA
"CS simple",2017,0.036585,3,41,16,5.33333333333333,FALSE,FALSE,TRUE,"size",1.5,NA,NA,NA,NA,NA
"SA",2017,0.0365853658536585,3,41,16,5.33333333333333,FALSE,FALSE,TRUE,"size",1.5,NA,NA,NA,NA,NA
"CS group",2018,0.1,3,41,17,5.66666666666667,FALSE,FALSE,TRUE,"size",1,NA,NA,NA,NA,NA
"CS simple",2018,0.027439,3,41,17,5.66666666666667,FALSE,FALSE,TRUE,"size",1,NA,NA,NA,NA,NA
"SA",2018,0.0274390243902439,3,41,17,5.66666666666667,FALSE,FALSE,TRUE,"size",1,NA,NA,NA,NA,NA
"CS group",2019,0.033333,1,41,18,18,FALSE,FALSE,TRUE,"size",0.5,NA,NA,NA,NA,NA
"CS simple",2019,0.006098,1,41,18,18,FALSE,FALSE,TRUE,"size",0.5,NA,NA,NA,NA,NA
"SA",2019,0.00609756097560976,1,41,18,18,FALSE,FALSE,TRUE,"size",0.5,NA,NA,NA,NA,NA
"CS group",2020,0.033333,1,41,19,19,FALSE,FALSE,TRUE,"size",0,NA,NA,NA,NA,NA
"CS simple",2020,0.003049,1,41,19,19,FALSE,FALSE,TRUE,"size",0,NA,NA,NA,NA,NA
"SA",2020,0.00304878048780488,1,41,19,19,FALSE,FALSE,TRUE,"size",0,NA,NA,NA,NA,NA
"stacked",2002,0.059945362960024,5,0,1,0.2,FALSE,TRUE,FALSE,"no_controls",9,NA,NA,NA,NA,NA
"stacked",2004,0.0565132521072387,2,741,3,1.5,FALSE,FALSE,TRUE,"size",8,NA,NA,NA,NA,NA
"stacked",2008,0.0511999646575676,1,741,7,7,FALSE,FALSE,TRUE,"size",6,NA,NA,NA,NA,NA
"stacked",2009,0.369198922441792,8,741,8,1,FALSE,FALSE,FALSE,"ok",5.5,0.0586389839483704,0.322514411716037,0.481768413865587,3.26052076748761,4.87052938245551
"stacked",2012,0.0531691940674741,1,741,11,11,FALSE,FALSE,TRUE,"size",4,NA,NA,NA,NA,NA
"stacked",2013,0.153186991031916,3,741,12,4,FALSE,FALSE,TRUE,"size",3.5,NA,NA,NA,NA,NA
"stacked",2014,0.0482461205427079,1,741,13,13,FALSE,FALSE,TRUE,"size",3,NA,NA,NA,NA,NA
"stacked",2017,0.100160724905484,3,741,16,5.33333333333333,FALSE,FALSE,TRUE,"size",1.5,NA,NA,NA,NA,NA
"stacked",2018,0.079825640842153,3,741,17,5.66666666666667,FALSE,FALSE,TRUE,"size",1,NA,NA,NA,NA,NA
"stacked",2019,0.0187076793941112,1,741,18,18,FALSE,FALSE,TRUE,"size",0.5,NA,NA,NA,NA,NA
"stacked",2020,0.00984614704953223,1,741,19,19,FALSE,FALSE,TRUE,"size",0,NA,NA,NA,NA,NA
